group_repo,url,language,star,author,project_type,finished
golang/go,https://github.com/golang/go,Go,134648,golang,通用软件项目,true
kubernetes/kubernetes,https://github.com/kubernetes/kubernetes,Go,122948,kubernetes,通用软件项目,true
fatedier/frp,https://github.com/fatedier/frp,Go,107282,fatedier,通用软件项目,true
gin-gonic/gin,https://github.com/gin-gonic/gin,Go,88669,gin-gonic,通用软件项目,true
gohugoio/hugo,https://github.com/gohugoio/hugo,Go,88527,gohugoio,通用软件项目,true
syncthing/syncthing,https://github.com/syncthing/syncthing,Go,85247,syncthing,通用软件项目,true
junegunn/fzf,https://github.com/junegunn/fzf,Go,80936,junegunn,通用软件项目,true
jesseduffield/lazygit,https://github.com/jesseduffield/lazygit,Go,79215,jesseduffield,通用软件项目,true
caddyserver/caddy,https://github.com/caddyserver/caddy,Go,73271,caddyserver,通用软件项目,true
moby/moby,https://github.com/moby/moby,Go,71670,moby,通用软件项目,true
nektos/act,https://github.com/nektos/act,Go,70768,nektos,通用软件项目,true
prometheus/prometheus,https://github.com/prometheus/prometheus,Go,64455,prometheus,通用软件项目,true
traefik/traefik,https://github.com/traefik/traefik,Go,63604,traefik,通用软件项目,true
usememos/memos,https://github.com/usememos/memos,Go,60662,usememos,通用软件项目,true
FiloSottile/mkcert,https://github.com/FiloSottile/mkcert,Go,59064,FiloSottile,通用软件项目,true
pocketbase/pocketbase,https://github.com/pocketbase/pocketbase,Go,59050,pocketbase,通用软件项目,true
rclone/rclone,https://github.com/rclone/rclone,Go,57818,rclone,通用软件项目,true
go-gitea/gitea,https://github.com/go-gitea/gitea,Go,56249,go-gitea,通用软件项目,true
wagoodman/dive,https://github.com/wagoodman/dive,Go,54223,wagoodman,通用软件项目,true
etcd-io/etcd,https://github.com/etcd-io/etcd,Go,51810,etcd-io,通用软件项目,true
jesseduffield/lazydocker,https://github.com/jesseduffield/lazydocker,Go,51330,jesseduffield,通用软件项目,true
ethereum/go-ethereum,https://github.com/ethereum/go-ethereum,Go,51132,ethereum,通用软件项目,true
AlistGo/alist,https://github.com/AlistGo/alist,Go,49646,AlistGo,通用软件项目,true
hashicorp/terraform,https://github.com/hashicorp/terraform,Go,48653,hashicorp,通用软件项目,true
gogs/gogs,https://github.com/gogs/gogs,Go,47597,gogs,通用软件项目,true
v2ray/v2ray-core,https://github.com/v2ray/v2ray-core,Go,46868,v2ray,通用软件项目,true
coreybutler/nvm-windows,https://github.com/coreybutler/nvm-windows,Go,46773,coreybutler,通用软件项目,true
cli/cli,https://github.com/cli/cli,Go,44794,cli,命令行工具,true
spf13/cobra,https://github.com/spf13/cobra,Go,44081,spf13,通用软件项目,true
astaxie/build-web-application-with-golang,https://github.com/astaxie/build-web-application-with-golang,Go,43916,astaxie,通用软件项目,true
charmbracelet/bubbletea,https://github.com/charmbracelet/bubbletea,Go,43076,charmbracelet,通用软件项目,true
danielmiessler/Fabric,https://github.com/danielmiessler/Fabric,Go,42303,danielmiessler,通用软件项目,true
pingcap/tidb,https://github.com/pingcap/tidb,Go,40151,pingcap,通用软件项目,true
juanfont/headscale,https://github.com/juanfont/headscale,Go,39945,juanfont,通用软件项目,true
evanw/esbuild,https://github.com/evanw/esbuild,Go,39919,evanw,通用软件项目,true
gofiber/fiber,https://github.com/gofiber/fiber,Go,39831,gofiber,通用软件项目,true
go-gorm/gorm,https://github.com/go-gorm/gorm,Go,39791,go-gorm,通用软件项目,true
XTLS/Xray-core,https://github.com/XTLS/Xray-core,Go,39503,XTLS,通用软件项目,true
QuantumNous/new-api,https://github.com/QuantumNous/new-api,Go,38486,QuantumNous,网站后端,true
istio/istio,https://github.com/istio/istio,Go,38213,istio,通用软件项目,true
docker/compose,https://github.com/docker/compose,Go,37513,docker,通用软件项目,true
router-for-me/CLIProxyAPI,https://github.com/router-for-me/CLIProxyAPI,Go,37291,router-for-me,通用软件项目,true
harness/harness,https://github.com/harness/harness,Go,36702,harness,通用软件项目,true
multica-ai/multica,https://github.com/multica-ai/multica,Go,36382,multica-ai,机器学习工程,true
aquasecurity/trivy,https://github.com/aquasecurity/trivy,Go,36368,aquasecurity,通用软件项目,true
1Panel-dev/1Panel,https://github.com/1Panel-dev/1Panel,Go,35860,1Panel-dev,通用软件项目,true
hashicorp/vault,https://github.com/hashicorp/vault,Go,35776,hashicorp,通用软件项目,true
schollz/croc,https://github.com/schollz/croc,Go,35248,schollz,通用软件项目,true
filebrowser/filebrowser,https://github.com/filebrowser/filebrowser,Go,35058,filebrowser,通用软件项目,true
glanceapp/glance,https://github.com/glanceapp/glance,Go,35017,glanceapp,通用软件项目,true
SagerNet/sing-box,https://github.com/SagerNet/sing-box,Go,34895,SagerNet,通用软件项目,true
AdguardTeam/AdGuardHome,https://github.com/AdguardTeam/AdGuardHome,Go,34800,AdguardTeam,通用软件项目,true
wailsapp/wails,https://github.com/wailsapp/wails,Go,34764,wailsapp,通用软件项目,true
restic/restic,https://github.com/restic/restic,Go,34296,restic,通用软件项目,true
v2fly/v2ray-core,https://github.com/v2fly/v2ray-core,Go,34113,v2fly,通用软件项目,true
ehang-io/nps,https://github.com/ehang-io/nps,Go,34077,ehang-io,通用软件项目,true
IceWhaleTech/CasaOS,https://github.com/IceWhaleTech/CasaOS,Go,34061,IceWhaleTech,通用软件项目,true
derailed/k9s,https://github.com/derailed/k9s,Go,33967,derailed,通用软件项目,true
halfrost/LeetCode-Go,https://github.com/halfrost/LeetCode-Go,Go,33776,halfrost,通用软件项目,true
k3s-io/k3s,https://github.com/k3s-io/k3s,Go,33233,k3s-io,通用软件项目,true
zeromicro/go-zero,https://github.com/zeromicro/go-zero,Go,33093,zeromicro,通用软件项目,true
seaweedfs/seaweedfs,https://github.com/seaweedfs/seaweedfs,Go,32870,seaweedfs,通用软件项目,true
tailscale/tailscale,https://github.com/tailscale/tailscale,Go,32478,tailscale,通用软件项目,true
labstack/echo,https://github.com/labstack/echo,Go,32439,labstack,通用软件项目,true
beego/beego,https://github.com/beego/beego,Go,32389,beego,通用软件项目,true
cockroachdb/cockroach,https://github.com/cockroachdb/cockroach,Go,32203,cockroachdb,通用软件项目,true
podman-container-tools/podman,https://github.com/podman-container-tools/podman,Go,32006,podman-container-tools,通用软件项目,true
kubernetes/minikube,https://github.com/kubernetes/minikube,Go,31867,kubernetes,通用软件项目,true
iawia002/lux,https://github.com/iawia002/lux,Go,31403,iawia002,通用软件项目,true
grafana/k6,https://github.com/grafana/k6,Go,30785,grafana,通用软件项目,true
binwiederhier/ntfy,https://github.com/binwiederhier/ntfy,Go,30715,binwiederhier,通用软件项目,true
github/github-mcp-server,https://github.com/github/github-mcp-server,Go,30599,github,网站后端,true
spf13/viper,https://github.com/spf13/viper,Go,30298,spf13,通用软件项目,true
hashicorp/consul,https://github.com/hashicorp/consul,Go,29932,hashicorp,通用软件项目,true
helm/helm,https://github.com/helm/helm,Go,29864,helm,通用软件项目,true
chubin/wttr.in,https://github.com/chubin/wttr.in,Go,29855,chubin,通用软件项目,true
sipeed/picoclaw,https://github.com/sipeed/picoclaw,Go,29367,sipeed,通用软件项目,true
abiosoft/colima,https://github.com/abiosoft/colima,Go,29254,abiosoft,通用软件项目,true
projectdiscovery/nuclei,https://github.com/projectdiscovery/nuclei,Go,29135,projectdiscovery,通用软件项目,true
opentofu/opentofu,https://github.com/opentofu/opentofu,Go,29033,opentofu,通用软件项目,true
micro-editor/micro,https://github.com/micro-editor/micro,Go,28823,micro-editor,通用软件项目,true
goharbor/harbor,https://github.com/goharbor/harbor,Go,28686,goharbor,通用软件项目,true
fyne-io/fyne,https://github.com/fyne-io/fyne,Go,28364,fyne-io,通用软件项目,true
grafana/loki,https://github.com/grafana/loki,Go,28361,grafana,通用软件项目,true
cloudreve/cloudreve,https://github.com/cloudreve/cloudreve,Go,28054,cloudreve,通用软件项目,true
authelia/authelia,https://github.com/authelia/authelia,Go,28034,authelia,通用软件项目,true
go-kit/kit,https://github.com/go-kit/kit,Go,27428,go-kit,通用软件项目,true
Wei-Shaw/sub2api,https://github.com/Wei-Shaw/sub2api,Go,27377,Wei-Shaw,通用软件项目,true
XIU2/CloudflareSpeedTest,https://github.com/XIU2/CloudflareSpeedTest,Go,27236,XIU2,通用软件项目,true
Wox-launcher/Wox,https://github.com/Wox-launcher/Wox,Go,27015,Wox-launcher,通用软件项目,true
trufflesecurity/trufflehog,https://github.com/trufflesecurity/trufflehog,Go,26743,trufflesecurity,通用软件项目,true
openfaas/faas,https://github.com/openfaas/faas,Go,26178,openfaas,通用软件项目,true
yeasy/docker_practice,https://github.com/yeasy/docker_practice,Go,26100,yeasy,通用软件项目,true
stretchr/testify,https://github.com/stretchr/testify,Go,26021,stretchr,通用软件项目,true
netbirdio/netbird,https://github.com/netbirdio/netbird,Go,25917,netbirdio,通用软件项目,true
dapr/dapr,https://github.com/dapr/dapr,Go,25818,dapr,通用软件项目,true
charmbracelet/glow,https://github.com/charmbracelet/glow,Go,25771,charmbracelet,通用软件项目,true
sirupsen/logrus,https://github.com/sirupsen/logrus,Go,25735,sirupsen,通用软件项目,true
nsqio/nsq,https://github.com/nsqio/nsq,Go,25732,nsqio,通用软件项目,true
go-kratos/kratos,https://github.com/go-kratos/kratos,Go,25728,go-kratos,通用软件项目,true
krahets/hello-algo,https://github.com/krahets/hello-algo,Java,126657,krahets,通用软件项目,true
GrowingGit/GitHub-Chinese-Top-Charts,https://github.com/GrowingGit/GitHub-Chinese-Top-Charts,Java,108318,GrowingGit,通用软件项目,true
macrozheng/mall,https://github.com/macrozheng/mall,Java,83854,macrozheng,通用软件项目,true
spring-projects/spring-boot,https://github.com/spring-projects/spring-boot,Java,80886,spring-projects,通用软件项目,true
doocs/advanced-java,https://github.com/doocs/advanced-java,Java,78991,doocs,通用软件项目,true
elastic/elasticsearch,https://github.com/elastic/elasticsearch,Java,76948,elastic,通用软件项目,true
MisterBooo/LeetCodeAnimation,https://github.com/MisterBooo/LeetCodeAnimation,Java,76592,MisterBooo,通用软件项目,true
NationalSecurityAgency/ghidra,https://github.com/NationalSecurityAgency/ghidra,Java,69545,NationalSecurityAgency,通用软件项目,true
TheAlgorithms/Java,https://github.com/TheAlgorithms/Java,Java,65825,TheAlgorithms,通用软件项目,true
kdn251/interviews,https://github.com/kdn251/interviews,Java,64950,kdn251,通用软件项目,true
spring-projects/spring-framework,https://github.com/spring-projects/spring-framework,Java,60020,spring-projects,开发库/框架,true
termux/termux-app,https://github.com/termux/termux-app,Java,56276,termux,通用软件项目,true
google/guava,https://github.com/google/guava,Java,51474,google,通用软件项目,true
dbeaver/dbeaver,https://github.com/dbeaver/dbeaver,Java,50526,dbeaver,通用软件项目,true
skylot/jadx,https://github.com/skylot/jadx,Java,49020,skylot,通用软件项目,true
ReactiveX/RxJava,https://github.com/ReactiveX/RxJava,Java,48236,ReactiveX,通用软件项目,true
apache/dubbo,https://github.com/apache/dubbo,Java,41517,apache,通用软件项目,true
halo-dev/halo,https://github.com/halo-dev/halo,Java,38964,halo-dev,通用软件项目,true
TeamNewPipe/NewPipe,https://github.com/TeamNewPipe/NewPipe,Java,38646,TeamNewPipe,通用软件项目,true
PhilJay/MPAndroidChart,https://github.com/PhilJay/MPAndroidChart,Java,38203,PhilJay,通用软件项目,true
YunaiV/ruoyi-vue-pro,https://github.com/YunaiV/ruoyi-vue-pro,Java,37773,YunaiV,网站前端,true
alibaba/arthas,https://github.com/alibaba/arthas,Java,37360,alibaba,通用软件项目,true
eugenp/tutorials,https://github.com/eugenp/tutorials,Java,37342,eugenp,通用软件项目,true
doocs/leetcode,https://github.com/doocs/leetcode,Java,36139,doocs,通用软件项目,true
geekxh/hello-algorithm,https://github.com/geekxh/hello-algorithm,Java,36071,geekxh,通用软件项目,true
airbnb/lottie-android,https://github.com/airbnb/lottie-android,Java,35613,airbnb,通用软件项目,true
bumptech/glide,https://github.com/bumptech/glide,Java,35022,bumptech,通用软件项目,true
netty/netty,https://github.com/netty/netty,Java,34973,netty,通用软件项目,true
keycloak/keycloak,https://github.com/keycloak/keycloak,Java,34866,keycloak,通用软件项目,true
SeleniumHQ/selenium,https://github.com/SeleniumHQ/selenium,Java,34188,SeleniumHQ,通用软件项目,true
zxing/zxing,https://github.com/zxing/zxing,Java,33978,zxing,通用软件项目,true
Blankj/AndroidUtilCode,https://github.com/Blankj/AndroidUtilCode,Java,33659,Blankj,通用软件项目,true
alibaba/nacos,https://github.com/alibaba/nacos,Java,33018,alibaba,通用软件项目,true
binarywang/WxJava,https://github.com/binarywang/WxJava,Java,32864,binarywang,通用软件项目,true
apache/kafka,https://github.com/apache/kafka,Java,32791,apache,通用软件项目,true
conductor-oss/conductor,https://github.com/conductor-oss/conductor,Java,31932,conductor-oss,通用软件项目,true
yuliskov/SmartTube,https://github.com/yuliskov/SmartTube,Java,30537,yuliskov,通用软件项目,true
chinabugotech/hutool,https://github.com/chinabugotech/hutool,Java,30290,chinabugotech,通用软件项目,true
xuxueli/xxl-job,https://github.com/xuxueli/xxl-job,Java,30264,xuxueli,通用软件项目,true
apolloconfig/apollo,https://github.com/apolloconfig/apollo,Java,29760,apolloconfig,通用软件项目,true
alibaba/canal,https://github.com/alibaba/canal,Java,29701,alibaba,通用软件项目,true
DrKLO/Telegram,https://github.com/DrKLO/Telegram,Java,29318,DrKLO,通用软件项目,true
alibaba/spring-cloud-alibaba,https://github.com/alibaba/spring-cloud-alibaba,Java,29115,alibaba,通用软件项目,true
alibaba/druid,https://github.com/alibaba/druid,Java,28177,alibaba,通用软件项目,true
lenve/vhr,https://github.com/lenve/vhr,Java,28095,lenve,通用软件项目,true
Anuken/Mindustry,https://github.com/Anuken/Mindustry,Java,27861,Anuken,通用软件项目,true
kestra-io/kestra,https://github.com/kestra-io/kestra,Java,27030,kestra-io,通用软件项目,true
crossoverJie/JCSprout,https://github.com/crossoverJie/JCSprout,Java,26913,crossoverJie,通用软件项目,true
qiurunze123/miaosha,https://github.com/qiurunze123/miaosha,Java,26594,qiurunze123,通用软件项目,true
OpenAPITools/openapi-generator,https://github.com/OpenAPITools/openapi-generator,Java,26394,OpenAPITools,通用软件项目,true
apache/flink,https://github.com/apache/flink,Java,26065,apache,通用软件项目,true
apache/incubator-seata,https://github.com/apache/incubator-seata,Java,25981,apache,通用软件项目,true
OtterMind/Chat2DB,https://github.com/OtterMind/Chat2DB,Java,25751,OtterMind,通用软件项目,true
bazelbuild/bazel,https://github.com/bazelbuild/bazel,Java,25498,bazelbuild,通用软件项目,true
jenkinsci/jenkins,https://github.com/jenkinsci/jenkins,Java,25407,jenkinsci,通用软件项目,true
hollischuang/toBeTopJavaer,https://github.com/hollischuang/toBeTopJavaer,Java,25387,hollischuang,通用软件项目,true
JakeWharton/butterknife,https://github.com/JakeWharton/butterknife,Java,25366,JakeWharton,通用软件项目,true
libgdx/libgdx,https://github.com/libgdx/libgdx,Java,25140,libgdx,通用软件项目,true
scwang90/SmartRefreshLayout,https://github.com/scwang90/SmartRefreshLayout,Java,25140,scwang90,通用软件项目,true
apache/skywalking,https://github.com/apache/skywalking,Java,24833,apache,通用软件项目,true
iBotPeaches/Apktool,https://github.com/iBotPeaches/Apktool,Java,24749,iBotPeaches,通用软件项目,true
greenrobot/EventBus,https://github.com/greenrobot/EventBus,Java,24726,greenrobot,通用软件项目,true
Netflix/Hystrix,https://github.com/Netflix/Hystrix,Java,24457,Netflix,通用软件项目,true
opendataloader-project/opendataloader-pdf,https://github.com/opendataloader-project/opendataloader-pdf,Java,24447,opendataloader-project,通用软件项目,true
redisson/redisson,https://github.com/redisson/redisson,Java,24356,redisson,通用软件项目,true
google/gson,https://github.com/google/gson,Java,24206,google,通用软件项目,true
dataease/dataease,https://github.com/dataease/dataease,Java,24042,dataease,通用软件项目,true
EnterpriseQualityCoding/FizzBuzzEnterpriseEdition,https://github.com/EnterpriseQualityCoding/FizzBuzzEnterpriseEdition,Java,23709,EnterpriseQualityCoding,通用软件项目,true
alibaba/Sentinel,https://github.com/alibaba/Sentinel,Java,23125,alibaba,通用软件项目,true
doocs/source-code-hunter,https://github.com/doocs/source-code-hunter,Java,23123,doocs,通用软件项目,true
openjdk/jdk,https://github.com/openjdk/jdk,Java,22971,openjdk,通用软件项目,true
kunal-kushwaha/DSA-Bootcamp-Java,https://github.com/kunal-kushwaha/DSA-Bootcamp-Java,Java,22874,kunal-kushwaha,通用软件项目,true
apache/rocketmq,https://github.com/apache/rocketmq,Java,22453,apache,通用软件项目,true
elunez/eladmin,https://github.com/elunez/eladmin,Java,21932,elunez,通用软件项目,true
google/ExoPlayer,https://github.com/google/ExoPlayer,Java,21919,google,通用软件项目,true
thingsboard/thingsboard,https://github.com/thingsboard/thingsboard,Java,21889,thingsboard,通用软件项目,true
oracle/graal,https://github.com/oracle/graal,Java,21599,oracle,通用软件项目,true
CarGuo/GSYVideoPlayer,https://github.com/CarGuo/GSYVideoPlayer,Java,21437,CarGuo,通用软件项目,true
brettwooldridge/HikariCP,https://github.com/brettwooldridge/HikariCP,Java,21113,brettwooldridge,通用软件项目,true
apache/shardingsphere,https://github.com/apache/shardingsphere,Java,20735,apache,通用软件项目,true
mybatis/mybatis-3,https://github.com/mybatis/mybatis-3,Java,20425,mybatis,通用软件项目,true
didi/DoKit,https://github.com/didi/DoKit,Java,20421,didi,通用软件项目,true
linlinjava/litemall,https://github.com/linlinjava/litemall,Java,20276,linlinjava,通用软件项目,true
JetBrains/intellij-community,https://github.com/JetBrains/intellij-community,Java,20214,JetBrains,通用软件项目,true
yudaocode/SpringBoot-Labs,https://github.com/yudaocode/SpringBoot-Labs,Java,20096,yudaocode,通用软件项目,true
ReactiveX/RxAndroid,https://github.com/ReactiveX/RxAndroid,Java,19966,ReactiveX,通用软件项目,true
lionsoul2014/ip2region,https://github.com/lionsoul2014/ip2region,Java,19145,lionsoul2014,通用软件项目,true
YunaiV/yudao-cloud,https://github.com/YunaiV/yudao-cloud,Java,19091,YunaiV,通用软件项目,true
dianping/cat,https://github.com/dianping/cat,Java,18947,dianping,通用软件项目,true
antlr/antlr4,https://github.com/antlr/antlr4,Java,18908,antlr,通用软件项目,true
dromara/Sa-Token,https://github.com/dromara/Sa-Token,Java,18890,dromara,通用软件项目,true
Baseflow/PhotoView,https://github.com/Baseflow/PhotoView,Java,18826,Baseflow,通用软件项目,true
williamfiset/algorithms,https://github.com/williamfiset/algorithms,Java,18635,williamfiset,通用软件项目,true
Tencent/APIJSON,https://github.com/Tencent/APIJSON,Java,18392,Tencent,通用软件项目,true
LMAX-Exchange/disruptor,https://github.com/LMAX-Exchange/disruptor,Java,18367,LMAX-Exchange,通用软件项目,true
forezp/SpringCloudLearning,https://github.com/forezp/SpringCloudLearning,Java,17946,forezp,通用软件项目,true
ben-manes/caffeine,https://github.com/ben-manes/caffeine,Java,17704,ben-manes,通用软件项目,true
Tencent/tinker,https://github.com/Tencent/tinker,Java,17646,Tencent,通用软件项目,true
infinilabs/analysis-ik,https://github.com/infinilabs/analysis-ik,Java,17463,infinilabs,通用软件项目,true
justauth/JustAuth,https://github.com/justauth/JustAuth,Java,17457,justauth,通用软件项目,true
public-apis/public-apis,https://github.com/public-apis/public-apis,Python,440960,public-apis,通用软件项目,true
EbookFoundation/free-programming-books,https://github.com/EbookFoundation/free-programming-books,Python,390118,EbookFoundation,通用软件项目,true
donnemartin/system-design-primer,https://github.com/donnemartin/system-design-primer,Python,352721,donnemartin,通用软件项目,true
TheAlgorithms/Python,https://github.com/TheAlgorithms/Python,Python,221868,TheAlgorithms,通用软件项目,true
yt-dlp/yt-dlp,https://github.com/yt-dlp/yt-dlp,Python,170012,yt-dlp,通用软件项目,true
microsoft/markitdown,https://github.com/microsoft/markitdown,Python,151668,microsoft,通用软件项目,true
anthropics/skills,https://github.com/anthropics/skills,Python,149770,anthropics,通用软件项目,true
langflow-ai/langflow,https://github.com/langflow-ai/langflow,Python,149582,langflow-ai,机器学习工程,true
ytdl-org/youtube-dl,https://github.com/ytdl-org/youtube-dl,Python,140486,ytdl-org,通用软件项目,true
anthropics/claude-code,https://github.com/anthropics/claude-code,Python,131959,anthropics,通用软件项目,true
Comfy-Org/ComfyUI,https://github.com/Comfy-Org/ComfyUI,Python,116699,Comfy-Org,通用软件项目,true
github/spec-kit,https://github.com/github/spec-kit,Python,111645,github,通用软件项目,true
deepseek-ai/DeepSeek-V3,https://github.com/deepseek-ai/DeepSeek-V3,Python,103743,deepseek-ai,机器学习工程,true
openai/whisper,https://github.com/openai/whisper,Python,102530,openai,通用软件项目,true
fastapi/fastapi,https://github.com/fastapi/fastapi,Python,99133,fastapi,通用软件项目,true
nvbn/thefuck,https://github.com/nvbn/thefuck,Python,97318,nvbn,通用软件项目,true
hacksider/Deep-Live-Cam,https://github.com/hacksider/Deep-Live-Cam,Python,93752,hacksider,通用软件项目,true
nextlevelbuilder/ui-ux-pro-max-skill,https://github.com/nextlevelbuilder/ui-ux-pro-max-skill,Python,90716,nextlevelbuilder,网站前端,true
django/django,https://github.com/django/django,Python,87823,django,通用软件项目,true
home-assistant/core,https://github.com/home-assistant/core,Python,87657,home-assistant,通用软件项目,true
3b1b/manim,https://github.com/3b1b/manim,Python,87544,3b1b,通用软件项目,true
karpathy/autoresearch,https://github.com/karpathy/autoresearch,Python,86312,karpathy,通用软件项目,true
sherlock-project/sherlock,https://github.com/sherlock-project/sherlock,Python,84898,sherlock-project,通用软件项目,true
bregman-arie/devops-exercises,https://github.com/bregman-arie/devops-exercises,Python,82742,bregman-arie,通用软件项目,true
PaddlePaddle/PaddleOCR,https://github.com/PaddlePaddle/PaddleOCR,Python,81942,PaddlePaddle,通用软件项目,true
swisskyrepo/PayloadsAllTheThings,https://github.com/swisskyrepo/PayloadsAllTheThings,Python,78345,swisskyrepo,通用软件项目,true
Z4nzu/hackingtool,https://github.com/Z4nzu/hackingtool,Python,77388,Z4nzu,通用软件项目,true
python/cpython,https://github.com/python/cpython,Python,73176,python,通用软件项目,true
pallets/flask,https://github.com/pallets/flask,Python,71640,pallets,通用软件项目,true
ansible/ansible,https://github.com/ansible/ansible,Python,68867,ansible,通用软件项目,true
pewdiepie-archdaemon/odysseus,https://github.com/pewdiepie-archdaemon/odysseus,Python,68814,pewdiepie-archdaemon,通用软件项目,true
xtekky/gpt4free,https://github.com/xtekky/gpt4free,Python,66324,xtekky,通用软件项目,true
666ghj/MiroFish,https://github.com/666ghj/MiroFish,Python,66179,666ghj,通用软件项目,true
safishamsi/graphify,https://github.com/safishamsi/graphify,Python,65972,safishamsi,通用软件项目,true
Asabeneh/30-Days-Of-Python,https://github.com/Asabeneh/30-Days-Of-Python,Python,64614,Asabeneh,通用软件项目,true
openinterpreter/openinterpreter,https://github.com/openinterpreter/openinterpreter,Python,63871,openinterpreter,通用软件项目,true
D4Vinci/Scrapling,https://github.com/D4Vinci/Scrapling,Python,63183,D4Vinci,通用软件项目,true
scrapy/scrapy,https://github.com/scrapy/scrapy,Python,62203,scrapy,通用软件项目,true
docling-project/docling,https://github.com/docling-project/docling,Python,61438,docling-project,通用软件项目,true
commaai/openpilot,https://github.com/commaai/openpilot,Python,61350,commaai,通用软件项目,true
virattt/ai-hedge-fund,https://github.com/virattt/ai-hedge-fund,Python,59990,virattt,机器学习工程,true
karpathy/nanoGPT,https://github.com/karpathy/nanoGPT,Python,59512,karpathy,通用软件项目,true
meta-llama/llama,https://github.com/meta-llama/llama,Python,59451,meta-llama,通用软件项目,true
RVC-Boss/GPT-SoVITS,https://github.com/RVC-Boss/GPT-SoVITS,Python,58600,RVC-Boss,通用软件项目,true
zylon-ai/private-gpt,https://github.com/zylon-ai/private-gpt,Python,57233,zylon-ai,机器学习工程,true
soimort/you-get,https://github.com/soimort/you-get,Python,56834,soimort,通用软件项目,true
Textualize/rich,https://github.com/Textualize/rich,Python,56609,Textualize,通用软件项目,true
FoundationAgents/OpenManus,https://github.com/FoundationAgents/OpenManus,Python,56532,FoundationAgents,通用软件项目,true
Zie619/n8n-workflows,https://github.com/Zie619/n8n-workflows,Python,55088,Zie619,通用软件项目,true
karpathy/nanochat,https://github.com/karpathy/nanochat,Python,54938,karpathy,通用软件项目,true
psf/requests,https://github.com/psf/requests,Python,54038,psf,通用软件项目,true
crewAIInc/crewAI,https://github.com/crewAIInc/crewAI,Python,53316,crewAIInc,通用软件项目,true
odoo/odoo,https://github.com/odoo/odoo,Python,52362,odoo,通用软件项目,true
xai-org/grok-1,https://github.com/xai-org/grok-1,Python,51688,xai-org,通用软件项目,true
freqtrade/freqtrade,https://github.com/freqtrade/freqtrade,Python,51374,freqtrade,通用软件项目,true
NanmiCoder/MediaCrawler,https://github.com/NanmiCoder/MediaCrawler,Python,51111,NanmiCoder,通用软件项目,true
lllyasviel/Fooocus,https://github.com/lllyasviel/Fooocus,Python,50056,lllyasviel,通用软件项目,true
microsoft/VibeVoice,https://github.com/microsoft/VibeVoice,Python,49273,microsoft,通用软件项目,true
pandas-dev/pandas,https://github.com/pandas-dev/pandas,Python,48962,pandas-dev,通用软件项目,true
minimaxir/big-list-of-naughty-strings,https://github.com/minimaxir/big-list-of-naughty-strings,Python,47672,minimaxir,通用软件项目,true
oobabooga/textgen,https://github.com/oobabooga/textgen,Python,47289,oobabooga,通用软件项目,true
Aider-AI/aider,https://github.com/Aider-AI/aider,Python,46027,Aider-AI,机器学习工程,true
exo-explore/exo,https://github.com/exo-explore/exo,Python,45309,exo-explore,通用软件项目,true
9001/copyparty,https://github.com/9001/copyparty,Python,45187,9001,通用软件项目,true
hiroi-sora/Umi-OCR,https://github.com/hiroi-sora/Umi-OCR,Python,45145,hiroi-sora,通用软件项目,true
SimplifyJobs/Summer2026-Internships,https://github.com/SimplifyJobs/Summer2026-Internships,Python,44889,SimplifyJobs,通用软件项目,true
getsentry/sentry,https://github.com/getsentry/sentry,Python,44092,getsentry,通用软件项目,true
mitmproxy/mitmproxy,https://github.com/mitmproxy/mitmproxy,Python,43887,mitmproxy,通用软件项目,true
ccxt/ccxt,https://github.com/ccxt/ccxt,Python,42891,ccxt,通用软件项目,true
HKUDS/CLI-Anything,https://github.com/HKUDS/CLI-Anything,Python,42813,HKUDS,命令行工具,true
faif/python-patterns,https://github.com/faif/python-patterns,Python,42801,faif,通用软件项目,true
mingrammer/diagrams,https://github.com/mingrammer/diagrams,Python,42342,mingrammer,通用软件项目,true
apachecn/ailearning,https://github.com/apachecn/ailearning,Python,42316,apachecn,通用软件项目,true
psf/black,https://github.com/psf/black,Python,41560,psf,通用软件项目,true
vnpy/vnpy,https://github.com/vnpy/vnpy,Python,41554,vnpy,通用软件项目,true
666ghj/BettaFish,https://github.com/666ghj/BettaFish,Python,41354,666ghj,通用软件项目,true
zai-org/ChatGLM-6B,https://github.com/zai-org/ChatGLM-6B,Python,41041,zai-org,通用软件项目,true
agno-agi/agno,https://github.com/agno-agi/agno,Python,40656,agno-agi,通用软件项目,true
mvanhorn/last30days-skill,https://github.com/mvanhorn/last30days-skill,Python,40049,mvanhorn,通用软件项目,true
lm-sys/FastChat,https://github.com/lm-sys/FastChat,Python,39470,lm-sys,通用软件项目,true
microsoft/BitNet,https://github.com/microsoft/BitNet,Python,39290,microsoft,通用软件项目,true
ManimCommunity/manim,https://github.com/ManimCommunity/manim,Python,38948,ManimCommunity,通用软件项目,true
gto76/python-cheatsheet,https://github.com/gto76/python-cheatsheet,Python,38481,gto76,通用软件项目,true
httpie/cli,https://github.com/httpie/cli,Python,38198,httpie,命令行工具,true
sqlmapproject/sqlmap,https://github.com/sqlmapproject/sqlmap,Python,37642,sqlmapproject,通用软件项目,true
0voice/interview_internal_reference,https://github.com/0voice/interview_internal_reference,Python,37241,0voice,通用软件项目,true
satwikkansal/wtfpython,https://github.com/satwikkansal/wtfpython,Python,36985,satwikkansal,通用软件项目,true
myshell-ai/OpenVoice,https://github.com/myshell-ai/OpenVoice,Python,36676,myshell-ai,机器学习工程,true
wshobson/agents,https://github.com/wshobson/agents,Python,36649,wshobson,通用软件项目,true
hankcs/HanLP,https://github.com/hankcs/HanLP,Python,36397,hankcs,通用软件项目,true
Textualize/textual,https://github.com/Textualize/textual,Python,36244,Textualize,通用软件项目,true
datalab-to/marker,https://github.com/datalab-to/marker,Python,36031,datalab-to,通用软件项目,true
RVC-Project/Retrieval-based-Voice-Conversion-WebUI,https://github.com/RVC-Project/Retrieval-based-Voice-Conversion-WebUI,Python,35965,RVC-Project,通用软件项目,true
XingangPan/DragGAN,https://github.com/XingangPan/DragGAN,Python,35825,XingangPan,通用软件项目,true
jax-ml/jax,https://github.com/jax-ml/jax,Python,35806,jax-ml,机器学习工程,true
xinntao/Real-ESRGAN,https://github.com/xinntao/Real-ESRGAN,Python,35754,xinntao,通用软件项目,true
frappe/erpnext,https://github.com/frappe/erpnext,Python,35497,frappe,通用软件项目,true
fxsjy/jieba,https://github.com/fxsjy/jieba,Python,35017,fxsjy,通用软件项目,true
stanfordnlp/dspy,https://github.com/stanfordnlp/dspy,Python,34998,stanfordnlp,通用软件项目,true
PostHog/posthog,https://github.com/PostHog/posthog,Python,34997,PostHog,通用软件项目,true
react/react,https://github.com/react/react,JavaScript,245784,react,网站前端,true
trekhleb/javascript-algorithms,https://github.com/trekhleb/javascript-algorithms,JavaScript,196070,trekhleb,通用软件项目,true
Snailclimb/JavaGuide,https://github.com/Snailclimb/JavaGuide,JavaScript,156333,Snailclimb,通用软件项目,true
airbnb/javascript,https://github.com/airbnb/javascript,JavaScript,148083,airbnb,通用软件项目,true
vercel/next.js,https://github.com/vercel/next.js,JavaScript,139944,vercel,通用软件项目,true
nodejs/node,https://github.com/nodejs/node,JavaScript,117724,nodejs,通用软件项目,true
mrdoob/three.js,https://github.com/mrdoob/three.js,JavaScript,112988,mrdoob,通用软件项目,true
axios/axios,https://github.com/axios/axios,JavaScript,109075,axios,通用软件项目,true
react/create-react-app,https://github.com/react/create-react-app,JavaScript,103331,react,网站前端,true
mui/material-ui,https://github.com/mui/material-ui,JavaScript,98396,mui,网站前端,true
ryanmcdermott/clean-code-javascript,https://github.com/ryanmcdermott/clean-code-javascript,JavaScript,94436,ryanmcdermott,通用软件项目,true
louislam/uptime-kuma,https://github.com/louislam/uptime-kuma,JavaScript,87913,louislam,通用软件项目,true
thedotmack/claude-mem,https://github.com/thedotmack/claude-mem,JavaScript,81913,thedotmack,通用软件项目,true
typicode/json-server,https://github.com/typicode/json-server,JavaScript,75581,typicode,网站后端,true
hakimel/reveal.js,https://github.com/hakimel/reveal.js,JavaScript,71672,hakimel,通用软件项目,true
juliangarnier/anime,https://github.com/juliangarnier/anime,JavaScript,69781,juliangarnier,通用软件项目,true
expressjs/express,https://github.com/expressjs/express,JavaScript,69148,expressjs,通用软件项目,true
chartjs/Chart.js,https://github.com/chartjs/Chart.js,JavaScript,67485,chartjs,通用软件项目,true
leonardomso/33-js-concepts,https://github.com/leonardomso/33-js-concepts,JavaScript,66470,leonardomso,通用软件项目,true
webpack/webpack,https://github.com/webpack/webpack,JavaScript,65786,webpack,通用软件项目,true
gorhill/uBlock,https://github.com/gorhill/uBlock,JavaScript,65419,gorhill,通用软件项目,true
gsd-build/get-shit-done,https://github.com/gsd-build/get-shit-done,JavaScript,64155,gsd-build,通用软件项目,true
jgraph/drawio-desktop,https://github.com/jgraph/drawio-desktop,JavaScript,61570,jgraph,通用软件项目,true
lodash/lodash,https://github.com/lodash/lodash,JavaScript,61229,lodash,通用软件项目,true
adam-p/markdown-here,https://github.com/adam-p/markdown-here,JavaScript,60210,adam-p,通用软件项目,true
jquery/jquery,https://github.com/jquery/jquery,JavaScript,59832,jquery,通用软件项目,true
scutan90/DeepLearning-500-questions,https://github.com/scutan90/DeepLearning-500-questions,JavaScript,57428,scutan90,通用软件项目,true
gatsbyjs/gatsby,https://github.com/gatsbyjs/gatsby,JavaScript,55934,gatsbyjs,通用软件项目,true
azl397985856/leetcode,https://github.com/azl397985856/leetcode,JavaScript,55760,azl397985856,通用软件项目,true
TryGhost/Ghost,https://github.com/TryGhost/Ghost,JavaScript,53889,TryGhost,通用软件项目,true
mozilla/pdf.js,https://github.com/mozilla/pdf.js,JavaScript,53438,mozilla,通用软件项目,true
santifer/career-ops,https://github.com/santifer/career-ops,JavaScript,52988,santifer,通用软件项目,true
prettier/prettier,https://github.com/prettier/prettier,JavaScript,51989,prettier,通用软件项目,true
agalwood/Motrix,https://github.com/agalwood/Motrix,JavaScript,51941,agalwood,通用软件项目,true
chinese-poetry/chinese-poetry,https://github.com/chinese-poetry/chinese-poetry,JavaScript,51824,chinese-poetry,通用软件项目,true
Semantic-Org/Semantic-UI,https://github.com/Semantic-Org/Semantic-UI,JavaScript,51067,Semantic-Org,网站前端,true
poteto/hiring-without-whiteboards,https://github.com/poteto/hiring-without-whiteboards,JavaScript,50858,poteto,通用软件项目,true
NARKOZ/hacker-scripts,https://github.com/NARKOZ/hacker-scripts,JavaScript,49587,NARKOZ,通用软件项目,true
bmad-code-org/BMAD-METHOD,https://github.com/bmad-code-org/BMAD-METHOD,JavaScript,48997,bmad-code-org,通用软件项目,true
iamkun/dayjs,https://github.com/iamkun/dayjs,JavaScript,48651,iamkun,通用软件项目,true
algorithm-visualizer/algorithm-visualizer,https://github.com/algorithm-visualizer/algorithm-visualizer,JavaScript,48558,algorithm-visualizer,通用软件项目,true
bigskysoftware/htmx,https://github.com/bigskysoftware/htmx,JavaScript,48188,bigskysoftware,通用软件项目,true
moment/moment,https://github.com/moment/moment,JavaScript,47971,moment,通用软件项目,true
serverless/serverless,https://github.com/serverless/serverless,JavaScript,46919,serverless,通用软件项目,true
Asabeneh/30-Days-Of-JavaScript,https://github.com/Asabeneh/30-Days-Of-JavaScript,JavaScript,46452,Asabeneh,通用软件项目,true
microsoft/monaco-editor,https://github.com/microsoft/monaco-editor,JavaScript,46173,microsoft,通用软件项目,true
google/zx,https://github.com/google/zx,JavaScript,45532,google,通用软件项目,true
Leaflet/Leaflet,https://github.com/Leaflet/Leaflet,JavaScript,45184,Leaflet,通用软件项目,true
usebruno/bruno,https://github.com/usebruno/bruno,JavaScript,44850,usebruno,通用软件项目,true
meteor/meteor,https://github.com/meteor/meteor,JavaScript,44776,meteor,通用软件项目,true
sudheerj/reactjs-interview-questions,https://github.com/sudheerj/reactjs-interview-questions,JavaScript,44640,sudheerj,通用软件项目,true
parcel-bundler/parcel,https://github.com/parcel-bundler/parcel,JavaScript,44027,parcel-bundler,通用软件项目,true
NaiboWang/EasySpider,https://github.com/NaiboWang/EasySpider,JavaScript,43970,NaiboWang,通用软件项目,true
Unitech/pm2,https://github.com/Unitech/pm2,JavaScript,43207,Unitech,通用软件项目,true
zen-browser/desktop,https://github.com/zen-browser/desktop,JavaScript,42785,zen-browser,通用软件项目,true
nolimits4web/swiper,https://github.com/nolimits4web/swiper,JavaScript,41849,nolimits4web,通用软件项目,true
yarnpkg/yarn,https://github.com/yarnpkg/yarn,JavaScript,41505,yarnpkg,通用软件项目,true
nwjs/nw.js,https://github.com/nwjs/nw.js,JavaScript,41184,nwjs,通用软件项目,true
DavidHDev/react-bits,https://github.com/DavidHDev/react-bits,JavaScript,40901,DavidHDev,网站前端,true
remoteintech/remote-jobs,https://github.com/remoteintech/remote-jobs,JavaScript,40466,remoteintech,通用软件项目,true
videojs/video.js,https://github.com/videojs/video.js,JavaScript,39793,videojs,通用软件项目,true
phaserjs/phaser,https://github.com/phaserjs/phaser,JavaScript,39764,phaserjs,通用软件项目,true
Dogfalo/materialize,https://github.com/Dogfalo/materialize,JavaScript,38864,Dogfalo,通用软件项目,true
preactjs/preact,https://github.com/preactjs/preact,JavaScript,38690,preactjs,通用软件项目,true
impress/impress.js,https://github.com/impress/impress.js,JavaScript,38183,impress,通用软件项目,true
ToolJet/ToolJet,https://github.com/ToolJet/ToolJet,JavaScript,38011,ToolJet,通用软件项目,true
pbakaus/impeccable,https://github.com/pbakaus/impeccable,JavaScript,37692,pbakaus,通用软件项目,true
drawdb-io/drawdb,https://github.com/drawdb-io/drawdb,JavaScript,37348,drawdb-io,通用软件项目,true
markedjs/marked,https://github.com/markedjs/marked,JavaScript,36882,markedjs,通用软件项目,true
fastify/fastify,https://github.com/fastify/fastify,JavaScript,36462,fastify,通用软件项目,true
carbon-app/carbon,https://github.com/carbon-app/carbon,JavaScript,36033,carbon-app,通用软件项目,true
koajs/koa,https://github.com/koajs/koa,JavaScript,35713,koajs,通用软件项目,true
alvarotrigo/fullPage.js,https://github.com/alvarotrigo/fullPage.js,JavaScript,35437,alvarotrigo,通用软件项目,true
sahat/hackathon-starter,https://github.com/sahat/hackathon-starter,JavaScript,35223,sahat,通用软件项目,true
ryanhanwu/How-To-Ask-Questions-The-Smart-Way,https://github.com/ryanhanwu/How-To-Ask-Questions-The-Smart-Way,JavaScript,35217,ryanhanwu,通用软件项目,true
typicode/husky,https://github.com/typicode/husky,JavaScript,35140,typicode,通用软件项目,true
gchq/CyberChef,https://github.com/gchq/CyberChef,JavaScript,35077,gchq,通用软件项目,true
qishibo/AnotherRedisDesktopManager,https://github.com/qishibo/AnotherRedisDesktopManager,JavaScript,34409,qishibo,通用软件项目,true
TheAlgorithms/JavaScript,https://github.com/TheAlgorithms/JavaScript,JavaScript,34183,TheAlgorithms,通用软件项目,true
zenorocha/clipboard.js,https://github.com/zenorocha/clipboard.js,JavaScript,34142,zenorocha,通用软件项目,true
coreyhaines31/marketingskills,https://github.com/coreyhaines31/marketingskills,JavaScript,32985,coreyhaines31,通用软件项目,true
gulpjs/gulp,https://github.com/gulpjs/gulp,JavaScript,32963,gulpjs,通用软件项目,true
lovell/sharp,https://github.com/lovell/sharp,JavaScript,32329,lovell,通用软件项目,true
airbnb/lottie-web,https://github.com/airbnb/lottie-web,JavaScript,31905,airbnb,通用软件项目,true
docsifyjs/docsify,https://github.com/docsifyjs/docsify,JavaScript,31280,docsifyjs,通用软件项目,true
parallax/jsPDF,https://github.com/parallax/jsPDF,JavaScript,31227,parallax,通用软件项目,true
SortableJS/Sortable,https://github.com/SortableJS/Sortable,JavaScript,31136,SortableJS,通用软件项目,true
webtorrent/webtorrent,https://github.com/webtorrent/webtorrent,JavaScript,30996,webtorrent,通用软件项目,true
gethomepage/homepage,https://github.com/gethomepage/homepage,JavaScript,30637,gethomepage,通用软件项目,true
layui/layui,https://github.com/layui/layui,JavaScript,30541,layui,通用软件项目,true
GoogleChrome/lighthouse,https://github.com/GoogleChrome/lighthouse,JavaScript,30341,GoogleChrome,通用软件项目,true
VincentGarreau/particles.js,https://github.com/VincentGarreau/particles.js,JavaScript,30211,VincentGarreau,通用软件项目,true
sampotts/plyr,https://github.com/sampotts/plyr,JavaScript,29847,sampotts,通用软件项目,true
aosabook/500lines,https://github.com/aosabook/500lines,JavaScript,29584,aosabook,通用软件项目,true
vuejs/vue-cli,https://github.com/vuejs/vue-cli,JavaScript,29577,vuejs,网站前端,true
react-boilerplate/react-boilerplate,https://github.com/react-boilerplate/react-boilerplate,JavaScript,29491,react-boilerplate,网站前端,true
elsewhencode/project-guidelines,https://github.com/elsewhencode/project-guidelines,JavaScript,29457,elsewhencode,通用软件项目,true
standard/standard,https://github.com/standard/standard,JavaScript,29431,standard,通用软件项目,true
immerjs/immer,https://github.com/immerjs/immer,JavaScript,28949,immerjs,通用软件项目,true
tastejs/todomvc,https://github.com/tastejs/todomvc,JavaScript,28931,tastejs,通用软件项目,true
react/react-native,https://github.com/react/react-native,C++,125989,react,网站前端,true
electron/electron,https://github.com/electron/electron,C++,121605,electron,通用软件项目,true
godotengine/godot,https://github.com/godotengine/godot,C++,112423,godotengine,通用软件项目,true
microsoft/terminal,https://github.com/microsoft/terminal,C++,103555,microsoft,命令行工具,true
bitcoin/bitcoin,https://github.com/bitcoin/bitcoin,C++,89376,bitcoin,通用软件项目,true
ocornut/imgui,https://github.com/ocornut/imgui,C++,73789,ocornut,通用软件项目,true
protocolbuffers/protobuf,https://github.com/protocolbuffers/protobuf,C++,71348,protocolbuffers,通用软件项目,true
LadybirdBrowser/ladybird,https://github.com/LadybirdBrowser/ladybird,C++,64040,LadybirdBrowser,通用软件项目,true
WerWolv/ImHex,https://github.com/WerWolv/ImHex,C++,53833,WerWolv,通用软件项目,true
ggml-org/whisper.cpp,https://github.com/ggml-org/whisper.cpp,C++,50660,ggml-org,通用软件项目,true
nlohmann/json,https://github.com/nlohmann/json,C++,49916,nlohmann,通用软件项目,true
x64dbg/x64dbg,https://github.com/x64dbg/x64dbg,C++,48619,x64dbg,通用软件项目,true
ClickHouse/ClickHouse,https://github.com/ClickHouse/ClickHouse,C++,47960,ClickHouse,通用软件项目,true
grpc/grpc,https://github.com/grpc/grpc,C++,44880,grpc,通用软件项目,true
zhongyang219/TrafficMonitor,https://github.com/zhongyang219/TrafficMonitor,C++,44787,zhongyang219,通用软件项目,true
Light-City/CPlusPlusThings,https://github.com/Light-City/CPlusPlusThings,C++,43225,Light-City,通用软件项目,true
aria2/aria2,https://github.com/aria2/aria2,C++,41180,aria2,通用软件项目,true
facebookresearch/faiss,https://github.com/facebookresearch/faiss,C++,40270,facebookresearch,通用软件项目,true
google/leveldb,https://github.com/google/leveldb,C++,39148,google,通用软件项目,true
duckdb/duckdb,https://github.com/duckdb/duckdb,C++,38743,duckdb,通用软件项目,true
google/googletest,https://github.com/google/googletest,C++,38704,google,通用软件项目,true
LizardByte/Sunshine,https://github.com/LizardByte/Sunshine,C++,38134,LizardByte,通用软件项目,true
qbittorrent/qBittorrent,https://github.com/qbittorrent/qBittorrent,C++,38108,qbittorrent,通用软件项目,true
huihut/interview,https://github.com/huihut/interview,C++,37958,huihut,通用软件项目,true
aseprite/aseprite,https://github.com/aseprite/aseprite,C++,37452,aseprite,通用软件项目,true
hyprwm/Hyprland,https://github.com/hyprwm/Hyprland,C++,36331,hyprwm,通用软件项目,true
carbon-language/carbon-lang,https://github.com/carbon-language/carbon-lang,C++,33794,carbon-language,通用软件项目,true
SerenityOS/serenity,https://github.com/SerenityOS/serenity,C++,33419,SerenityOS,通用软件项目,true
aristocratos/btop,https://github.com/aristocratos/btop,C++,32797,aristocratos,通用软件项目,true
microsoft/WSL,https://github.com/microsoft/WSL,C++,32669,microsoft,通用软件项目,true
telegramdesktop/tdesktop,https://github.com/telegramdesktop/tdesktop,C++,32064,telegramdesktop,通用软件项目,true
ValveSoftware/Proton,https://github.com/ValveSoftware/Proton,C++,31822,ValveSoftware,通用软件项目,true
facebook/rocksdb,https://github.com/facebook/rocksdb,C++,31757,facebook,通用软件项目,true
FreeCAD/FreeCAD,https://github.com/FreeCAD/FreeCAD,C++,31477,FreeCAD,通用软件项目,true
shadps4-emu/shadPS4,https://github.com/shadps4-emu/shadPS4,C++,31373,shadps4-emu,通用软件项目,true
microsoft/calculator,https://github.com/microsoft/calculator,C++,30958,microsoft,通用软件项目,true
dragonflydb/dragonfly,https://github.com/dragonflydb/dragonfly,C++,30634,dragonflydb,通用软件项目,true
facebook/folly,https://github.com/facebook/folly,C++,30412,facebook,通用软件项目,true
flameshot-org/flameshot,https://github.com/flameshot-org/flameshot,C++,30121,flameshot-org,通用软件项目,true
barry-ran/QtScrcpy,https://github.com/barry-ran/QtScrcpy,C++,29841,barry-ran,通用软件项目,true
ossrs/srs,https://github.com/ossrs/srs,C++,28963,ossrs,通用软件项目,true
gabime/spdlog,https://github.com/gabime/spdlog,C++,28901,gabime,通用软件项目,true
envoyproxy/envoy,https://github.com/envoyproxy/envoy,C++,28378,envoyproxy,通用软件项目,true
mongodb/mongo,https://github.com/mongodb/mongo,C++,28359,mongodb,通用软件项目,true
notepad-plus-plus/notepad-plus-plus,https://github.com/notepad-plus-plus/notepad-plus-plus,C++,28358,notepad-plus-plus,通用软件项目,true
taichi-dev/taichi,https://github.com/taichi-dev/taichi,C++,28244,taichi-dev,通用软件项目,true
keepassxreboot/keepassxc,https://github.com/keepassxreboot/keepassxc,C++,27613,keepassxreboot,通用软件项目,true
emscripten-core/emscripten,https://github.com/emscripten-core/emscripten,C++,27413,emscripten-core,通用软件项目,true
78/xiaozhi-esp32,https://github.com/78/xiaozhi-esp32,C++,27260,78,通用软件项目,true
rethinkdb/rethinkdb,https://github.com/rethinkdb/rethinkdb,C++,26996,rethinkdb,通用软件项目,true
ml-explore/mlx,https://github.com/ml-explore/mlx,C++,26907,ml-explore,机器学习工程,true
ApolloAuto/apollo,https://github.com/ApolloAuto/apollo,C++,26665,ApolloAuto,通用软件项目,true
deskflow/deskflow,https://github.com/deskflow/deskflow,C++,26433,deskflow,通用软件项目,true
google/flatbuffers,https://github.com/google/flatbuffers,C++,26064,google,通用软件项目,true
microsoft/winget-cli,https://github.com/microsoft/winget-cli,C++,26008,microsoft,命令行工具,true
typesense/typesense,https://github.com/typesense/typesense,C++,25982,typesense,通用软件项目,true
argotorg/solidity,https://github.com/argotorg/solidity,C++,25659,argotorg,通用软件项目,true
sqlitebrowser/sqlitebrowser,https://github.com/sqlitebrowser/sqlitebrowser,C++,24158,sqlitebrowser,通用软件项目,true
simdjson/simdjson,https://github.com/simdjson/simdjson,C++,23834,simdjson,通用软件项目,true
fmtlib/fmt,https://github.com/fmtlib/fmt,C++,23583,fmtlib,通用软件项目,true
osquery/osquery,https://github.com/osquery/osquery,C++,23308,osquery,通用软件项目,true
redis/RedisDesktopManager,https://github.com/redis/RedisDesktopManager,C++,23241,redis,通用软件项目,true
pqrs-org/Karabiner-Elements,https://github.com/pqrs-org/Karabiner-Elements,C++,22296,pqrs-org,通用软件项目,true
scottbez1/smartknob,https://github.com/scottbez1/smartknob,C++,21862,scottbez1,通用软件项目,true
MaaAssistantArknights/MaaAssistantArknights,https://github.com/MaaAssistantArknights/MaaAssistantArknights,C++,21532,MaaAssistantArknights,通用软件项目,true
xbmc/xbmc,https://github.com/xbmc/xbmc,C++,20859,xbmc,通用软件项目,true
catchorg/Catch2,https://github.com/catchorg/Catch2,C++,20445,catchorg,通用软件项目,true
google/filament,https://github.com/google/filament,C++,20137,google,通用软件项目,true
trojan-gfw/trojan,https://github.com/trojan-gfw/trojan,C++,19724,trojan-gfw,通用软件项目,true
TranslucentTB/TranslucentTB,https://github.com/TranslucentTB/TranslucentTB,C++,19690,TranslucentTB,通用软件项目,true
lettier/3d-game-shaders-for-beginners,https://github.com/lettier/3d-game-shaders-for-beginners,C++,19681,lettier,小游戏,true
qinguoyi/TinyWebServer,https://github.com/qinguoyi/TinyWebServer,C++,19562,qinguoyi,通用软件项目,true
Atmosphere-NX/Atmosphere,https://github.com/Atmosphere-NX/Atmosphere,C++,19134,Atmosphere-NX,通用软件项目,true
cocos2d/cocos2d-x,https://github.com/cocos2d/cocos2d-x,C++,19053,cocos2d,通用软件项目,true
kyleneideck/BackgroundMusic,https://github.com/kyleneideck/BackgroundMusic,C++,19034,kyleneideck,通用软件项目,true
RPCS3/rpcs3,https://github.com/RPCS3/rpcs3,C++,18940,RPCS3,通用软件项目,true
rizinorg/cutter,https://github.com/rizinorg/cutter,C++,18936,rizinorg,通用软件项目,true
id-Software/DOOM,https://github.com/id-Software/DOOM,C++,18909,id-Software,通用软件项目,true
uNetworking/uWebSockets,https://github.com/uNetworking/uWebSockets,C++,18885,uNetworking,通用软件项目,true
swoole/swoole-src,https://github.com/swoole/swoole-src,C++,18884,swoole,通用软件项目,true
react/yoga,https://github.com/react/yoga,C++,18774,react,网站前端,true
facebook/hhvm,https://github.com/facebook/hhvm,C++,18630,facebook,通用软件项目,true
Tencent/MMKV,https://github.com/Tencent/MMKV,C++,18618,Tencent,通用软件项目,true
alibaba/weex,https://github.com/alibaba/weex,C++,18530,alibaba,通用软件项目,true
wled/WLED,https://github.com/wled/WLED,C++,18201,wled,通用软件项目,true
google/libphonenumber,https://github.com/google/libphonenumber,C++,18074,google,通用软件项目,true
haoel/leetcode,https://github.com/haoel/leetcode,C++,18057,haoel,通用软件项目,true
pybind/pybind11,https://github.com/pybind/pybind11,C++,17904,pybind,通用软件项目,true
Tencent/mars,https://github.com/Tencent/mars,C++,17638,Tencent,通用软件项目,true
upx/upx,https://github.com/upx/upx,C++,17580,upx,通用软件项目,true
moonlight-stream/moonlight-qt,https://github.com/moonlight-stream/moonlight-qt,C++,17509,moonlight-stream,通用软件项目,true
MarlinFirmware/Marlin,https://github.com/MarlinFirmware/Marlin,C++,17431,MarlinFirmware,通用软件项目,true
abseil/abseil-cpp,https://github.com/abseil/abseil-cpp,C++,17323,abseil,通用软件项目,true
doitsujin/dxvk,https://github.com/doitsujin/dxvk,C++,17287,doitsujin,通用软件项目,true
microsoft/react-native-windows,https://github.com/microsoft/react-native-windows,C++,17286,microsoft,网站前端,true
imputnet/helium,https://github.com/imputnet/helium,C++,17226,imputnet,通用软件项目,true
ZLMediaKit/ZLMediaKit,https://github.com/ZLMediaKit/ZLMediaKit,C++,17150,ZLMediaKit,通用软件项目,true
audacity/audacity,https://github.com/audacity/audacity,C++,17128,audacity,通用软件项目,true
NixOS/nix,https://github.com/NixOS/nix,C++,17060,NixOS,通用软件项目,true
Qv2ray/Qv2ray,https://github.com/Qv2ray/Qv2ray,C++,16948,Qv2ray,通用软件项目,true
rancher/rancher,https://github.com/rancher/rancher,Go,25664,rancher,通用软件项目,true
microsoft/typescript-go,https://github.com/microsoft/typescript-go,Go,25645,microsoft,通用软件项目,true
kataras/iris,https://github.com/kataras/iris,Go,25581,kataras,开发库/框架,true
asdf-vm/asdf,https://github.com/asdf-vm/asdf,Go,25408,asdf-vm,命令行工具,true
gocolly/colly,https://github.com/gocolly/colly,Go,25331,gocolly,开发库/框架,true
pulumi/pulumi,https://github.com/pulumi/pulumi,Go,25294,pulumi,通用软件项目,true
charmbracelet/crush,https://github.com/charmbracelet/crush,Go,25246,charmbracelet,机器学习工程,true
tsenart/vegeta,https://github.com/tsenart/vegeta,Go,25068,tsenart,开发库/框架,true
GopeedLab/gopeed,https://github.com/GopeedLab/gopeed,Go,24866,GopeedLab,通用软件项目,true
go-delve/delve,https://github.com/go-delve/delve,Go,24784,go-delve,通用软件项目,true
flipped-aurora/gin-vue-admin,https://github.com/flipped-aurora/gin-vue-admin,Go,24777,flipped-aurora,网站前端,true
gorilla/websocket,https://github.com/gorilla/websocket,Go,24764,gorilla,通用软件项目,true
uber-go/zap,https://github.com/uber-go/zap,Go,24522,uber-go,通用软件项目,true
cilium/cilium,https://github.com/cilium/cilium,Go,24498,cilium,通用软件项目,true
gastownhall/beads,https://github.com/gastownhall/beads,Go,24485,gastownhall,通用软件项目,true
terrastruct/d2,https://github.com/terrastruct/d2,Go,24367,terrastruct,通用软件项目,true
urfave/cli,https://github.com/urfave/cli,Go,24125,urfave,命令行工具,true
charmbracelet/gum,https://github.com/charmbracelet/gum,Go,23880,charmbracelet,通用软件项目,true
quii/learn-go-with-tests,https://github.com/quii/learn-go-with-tests,Go,23694,quii,通用软件项目,true
air-verse/air,https://github.com/air-verse/air,Go,23672,air-verse,通用软件项目,true
dolthub/dolt,https://github.com/dolthub/dolt,Go,23403,dolthub,网站后端,true
valyala/fasthttp,https://github.com/valyala/fasthttp,Go,23380,valyala,通用软件项目,true
slimtoolkit/slim,https://github.com/slimtoolkit/slim,Go,23303,slimtoolkit,通用软件项目,true
argoproj/argo-cd,https://github.com/argoproj/argo-cd,Go,23118,argoproj,通用软件项目,true
OpenListTeam/OpenList,https://github.com/OpenListTeam/OpenList,Go,23013,OpenListTeam,通用软件项目,true
grpc/grpc-go,https://github.com/grpc/grpc-go,Go,22960,grpc,通用软件项目,true
mislav/hub,https://github.com/mislav/hub,Go,22952,mislav,网站后端,true
jaegertracing/jaeger,https://github.com/jaegertracing/jaeger,Go,22875,jaegertracing,通用软件项目,true
JanDeDobbeleer/oh-my-posh,https://github.com/JanDeDobbeleer/oh-my-posh,Go,22815,JanDeDobbeleer,通用软件项目,true
micro/go-micro,https://github.com/micro/go-micro,Go,22770,micro,开发库/框架,true
henrygd/beszel,https://github.com/henrygd/beszel,Go,22612,henrygd,网站后端,true
FiloSottile/age,https://github.com/FiloSottile/age,Go,22573,FiloSottile,开发库/框架,true
go-chi/chi,https://github.com/go-chi/chi,Go,22347,go-chi,网站后端,true
redis/go-redis,https://github.com/redis/go-redis,Go,22137,redis,通用软件项目,true
getsops/sops,https://github.com/getsops/sops,Go,22077,getsops,通用软件项目,true
gorilla/mux,https://github.com/gorilla/mux,Go,21832,gorilla,通用软件项目,true
apernet/hysteria,https://github.com/apernet/hysteria,Go,21761,apernet,网站后端,true
dgraph-io/dgraph,https://github.com/dgraph-io/dgraph,Go,21690,dgraph-io,网站后端,true
navidrome/navidrome,https://github.com/navidrome/navidrome,Go,21670,navidrome,网站后端,true
knadh/listmonk,https://github.com/knadh/listmonk,Go,21522,knadh,通用软件项目,true
chaitin/SafeLine,https://github.com/chaitin/SafeLine,Go,21501,chaitin,网站后端,true
gofr-dev/gofr,https://github.com/gofr-dev/gofr,Go,21341,gofr-dev,网站后端,true
samber/lo,https://github.com/samber/lo,Go,21326,samber,开发库/框架,true
lima-vm/lima,https://github.com/lima-vm/lima,Go,21225,lima-vm,通用软件项目,true
wavetermdev/waveterm,https://github.com/wavetermdev/waveterm,Go,21215,wavetermdev,命令行工具,true
m1k1o/neko,https://github.com/m1k1o/neko,Go,21093,m1k1o,网站前端,true
vitessio/vitess,https://github.com/vitessio/vitess,Go,21024,vitessio,网站后端,true
temporalio/temporal,https://github.com/temporalio/temporal,Go,20936,temporalio,网站后端,true
containerd/containerd,https://github.com/containerd/containerd,Go,20827,containerd,通用软件项目,true
qax-os/excelize,https://github.com/qax-os/excelize,Go,20663,qax-os,开发库/框架,true
antonmedv/fx,https://github.com/antonmedv/fx,Go,20567,antonmedv,命令行工具,true
gravitational/teleport,https://github.com/gravitational/teleport,Go,20479,gravitational,网站后端,true
apache/casbin,https://github.com/apache/casbin,Go,20183,apache,开发库/框架,true
twpayne/chezmoi,https://github.com/twpayne/chezmoi,Go,20158,twpayne,通用软件项目,true
rakyll/hey,https://github.com/rakyll/hey,Go,20112,rakyll,通用软件项目,true
chai2010/advanced-go-programming-book,https://github.com/chai2010/advanced-go-programming-book,Go,20058,chai2010,通用软件项目,true
nats-io/nats-server,https://github.com/nats-io/nats-server,Go,20014,nats-io,网站后端,true
go-playground/validator,https://github.com/go-playground/validator,Go,19998,go-playground,通用软件项目,true
charmbracelet/vhs,https://github.com/charmbracelet/vhs,Go,19916,charmbracelet,命令行工具,true
grpc-ecosystem/grpc-gateway,https://github.com/grpc-ecosystem/grpc-gateway,Go,19915,grpc-ecosystem,网站后端,true
TecharoHQ/anubis,https://github.com/TecharoHQ/anubis,Go,19899,TecharoHQ,机器学习工程,true
ahmetb/kubectx,https://github.com/ahmetb/kubectx,Go,19803,ahmetb,通用软件项目,true
yudai/gotty,https://github.com/yudai/gotty,Go,19492,yudai,命令行工具,true
bettercap/bettercap,https://github.com/bettercap/bettercap,Go,19408,bettercap,网站后端,true
probelabs/goreplay,https://github.com/probelabs/goreplay,Go,19283,probelabs,通用软件项目,true
livekit/livekit,https://github.com/livekit/livekit,Go,19202,livekit,网站后端,true
google/cadvisor,https://github.com/google/cadvisor,Go,19194,google,通用软件项目,true
golangci/golangci-lint,https://github.com/golangci/golangci-lint,Go,19072,golangci,通用软件项目,true
bluenviron/mediamtx,https://github.com/bluenviron/mediamtx,Go,19067,bluenviron,网站后端,true
golang-migrate/migrate,https://github.com/golang-migrate/migrate,Go,18602,golang-migrate,网站后端,true
google/gvisor,https://github.com/google/gvisor,Go,18516,google,通用软件项目,true
putyy/res-downloader,https://github.com/putyy/res-downloader,Go,18107,putyy,通用软件项目,true
TheAlgorithms/Go,https://github.com/TheAlgorithms/Go,Go,18079,TheAlgorithms,通用软件项目,true
matryer/xbar,https://github.com/matryer/xbar,Go,18030,matryer,通用软件项目,true
ginuerzh/gost,https://github.com/ginuerzh/gost,Go,18009,ginuerzh,通用软件项目,true
sqlc-dev/sqlc,https://github.com/sqlc-dev/sqlc,Go,17861,sqlc-dev,通用软件项目,true
zincsearch/zincsearch,https://github.com/zincsearch/zincsearch,Go,17846,zincsearch,通用软件项目,true
pranshuparmar/witr,https://github.com/pranshuparmar/witr,Go,17804,pranshuparmar,通用软件项目,true
bcicen/ctop,https://github.com/bcicen/ctop,Go,17764,bcicen,命令行工具,true
vxcontrol/pentagi,https://github.com/vxcontrol/pentagi,Go,17677,vxcontrol,网站前端,true
jmoiron/sqlx,https://github.com/jmoiron/sqlx,Go,17648,jmoiron,网站后端,true
influxdata/telegraf,https://github.com/influxdata/telegraf,Go,17619,influxdata,通用软件项目,true
keploy/keploy,https://github.com/keploy/keploy,Go,17611,keploy,网站后端,true
rqlite/rqlite,https://github.com/rqlite/rqlite,Go,17584,rqlite,网站后端,true
tinygo-org/tinygo,https://github.com/tinygo-org/tinygo,Go,17501,tinygo-org,命令行工具,true
yorukot/superfile,https://github.com/yorukot/superfile,Go,17491,yorukot,命令行工具,true
joewalnes/websocketd,https://github.com/joewalnes/websocketd,Go,17465,joewalnes,网站后端,true
emirpasic/gods,https://github.com/emirpasic/gods,Go,17440,emirpasic,通用软件项目,true
slackhq/nebula,https://github.com/slackhq/nebula,Go,17396,slackhq,通用软件项目,true
ory/hydra,https://github.com/ory/hydra,Go,17221,ory,网站后端,true
VictoriaMetrics/VictoriaMetrics,https://github.com/VictoriaMetrics/VictoriaMetrics,Go,17143,VictoriaMetrics,网站后端,true
julienschmidt/httprouter,https://github.com/julienschmidt/httprouter,Go,17121,julienschmidt,通用软件项目,true
ent/ent,https://github.com/ent/ent,Go,17102,ent,开发库/框架,true
ipfs/kubo,https://github.com/ipfs/kubo,Go,17049,ipfs,通用软件项目,true
projectdiscovery/katana,https://github.com/projectdiscovery/katana,Go,17005,projectdiscovery,命令行工具,true
snail007/goproxy,https://github.com/snail007/goproxy,Go,16980,snail007,网站后端,true
wtfutil/wtf,https://github.com/wtfutil/wtf,Go,16960,wtfutil,命令行工具,true
Netflix/chaosmonkey,https://github.com/Netflix/chaosmonkey,Go,16952,Netflix,通用软件项目,true
jeessy2/ddns-go,https://github.com/jeessy2/ddns-go,Go,16921,jeessy2,通用软件项目,true
hyperledger/fabric,https://github.com/hyperledger/fabric,Go,16659,hyperledger,开发库/框架,true
openzipkin/zipkin,https://github.com/openzipkin/zipkin,Java,17430,openzipkin,通用软件项目,true
gyoogle/tech-interview-for-developer,https://github.com/gyoogle/tech-interview-for-developer,Java,17418,gyoogle,网站后端,true
baomidou/mybatis-plus,https://github.com/baomidou/mybatis-plus,Java,17390,baomidou,开发库/框架,true
material-components/material-components-android,https://github.com/material-components/material-components-android,Java,17309,material-components,网站前端,true
alibaba/DataX,https://github.com/alibaba/DataX,Java,17224,alibaba,通用软件项目,true
questdb/questdb,https://github.com/questdb/questdb,Java,17051,questdb,网站后端,true
itwanger/toBeBetterJavaer,https://github.com/itwanger/toBeBetterJavaer,Java,17036,itwanger,通用软件项目,true
heibaiying/BigData-Notes,https://github.com/heibaiying/BigData-Notes,Java,16905,heibaiying,通用软件项目,true
nostra13/Android-Universal-Image-Loader,https://github.com/nostra13/Android-Universal-Image-Loader,Java,16855,nostra13,开发库/框架,true
Grasscutters/Grasscutter,https://github.com/Grasscutters/Grasscutter,Java,16761,Grasscutters,网站后端,true
prestodb/presto,https://github.com/prestodb/presto,Java,16712,prestodb,小游戏,true
neo4j/neo4j,https://github.com/neo4j/neo4j,Java,16707,neo4j,网站后端,true
shuzheng/zheng,https://github.com/shuzheng/zheng,Java,16672,shuzheng,通用软件项目,true
android-hacker/VirtualXposed,https://github.com/android-hacker/VirtualXposed,Java,15998,android-hacker,通用软件项目,true
quarkusio/quarkus,https://github.com/quarkusio/quarkus,Java,15722,quarkusio,通用软件项目,true
apache/hadoop,https://github.com/apache/hadoop,Java,15565,apache,通用软件项目,true
Konloch/bytecode-viewer,https://github.com/Konloch/bytecode-viewer,Java,15532,Konloch,通用软件项目,true
apache/doris,https://github.com/apache/doris,Java,15464,apache,网站后端,true
mockito/mockito,https://github.com/mockito/mockito,Java,15430,mockito,开发库/框架,true
zaproxy/zaproxy,https://github.com/zaproxy/zaproxy,Java,15271,zaproxy,通用软件项目,true
apache/pulsar,https://github.com/apache/pulsar,Java,15266,apache,通用软件项目,true
cryptomator/cryptomator,https://github.com/cryptomator/cryptomator,Java,15238,cryptomator,通用软件项目,true
java-decompiler/jd-gui,https://github.com/java-decompiler/jd-gui,Java,15112,java-decompiler,通用软件项目,true
supertokens/supertokens-core,https://github.com/supertokens/supertokens-core,Java,15081,supertokens,通用软件项目,true
theonedev/onedev,https://github.com/theonedev/onedev,Java,15042,theonedev,网站后端,true
elastic/logstash,https://github.com/elastic/logstash,Java,14874,elastic,开发库/框架,true
eclipse-vertx/vert.x,https://github.com/eclipse-vertx/vert.x,Java,14665,eclipse-vertx,通用软件项目,true
arduino/Arduino,https://github.com/arduino/Arduino,Java,14598,arduino,通用软件项目,true
languagetool-org/languagetool,https://github.com/languagetool-org/languagetool,Java,14573,languagetool-org,通用软件项目,true
hdodenhof/CircleImageView,https://github.com/hdodenhof/CircleImageView,Java,14501,hdodenhof,通用软件项目,true
Tencent/QMUI_Android,https://github.com/Tencent/QMUI_Android,Java,14492,Tencent,网站前端,true
alibaba/ARouter,https://github.com/alibaba/ARouter,Java,14476,alibaba,开发库/框架,true
GoogleContainerTools/jib,https://github.com/GoogleContainerTools/jib,Java,14409,GoogleContainerTools,通用软件项目,true
DuGuQiuBai/Java,https://github.com/DuGuQiuBai/Java,Java,14357,DuGuQiuBai,通用软件项目,true
apache/dolphinscheduler,https://github.com/apache/dolphinscheduler,Java,14309,apache,通用软件项目,true
xpipe-io/xpipe,https://github.com/xpipe-io/xpipe,Java,14194,xpipe-io,网站后端,true
kekingcn/kkFileView,https://github.com/kekingcn/kkFileView,Java,14193,kekingcn,通用软件项目,true
Netflix/zuul,https://github.com/Netflix/zuul,Java,14025,Netflix,通用软件项目,true
floci-io/floci,https://github.com/floci-io/floci,Java,14018,floci-io,通用软件项目,true
apache/druid,https://github.com/apache/druid,Java,14014,apache,网站后端,true
sqshq/piggymetrics,https://github.com/sqshq/piggymetrics,Java,13934,sqshq,网站后端,true
orhanobut/logger,https://github.com/orhanobut/logger,Java,13849,orhanobut,通用软件项目,true
pinpoint-apm/pinpoint,https://github.com/pinpoint-apm/pinpoint,Java,13825,pinpoint-apm,通用软件项目,true
seaswalker/spring-analysis,https://github.com/seaswalker/spring-analysis,Java,13744,seaswalker,通用软件项目,true
JessYanCoding/AndroidAutoSize,https://github.com/JessYanCoding/AndroidAutoSize,Java,13731,JessYanCoding,通用软件项目,true
microg/GmsCore,https://github.com/microg/GmsCore,Java,13590,microg,通用软件项目,true
LuckSiege/PictureSelector,https://github.com/LuckSiege/PictureSelector,Java,13587,LuckSiege,开发库/框架,true
projectlombok/lombok,https://github.com/projectlombok/lombok,Java,13446,projectlombok,通用软件项目,true
Bigkoo/Android-PickerView,https://github.com/Bigkoo/Android-PickerView,Java,13441,Bigkoo,通用软件项目,true
metersphere/metersphere,https://github.com/metersphere/metersphere,Java,13267,metersphere,网站后端,true
opensearch-project/OpenSearch,https://github.com/opensearch-project/OpenSearch,Java,13154,opensearch-project,小游戏,true
pxb1988/dex2jar,https://github.com/pxb1988/dex2jar,Java,13112,pxb1988,通用软件项目,true
plantuml/plantuml,https://github.com/plantuml/plantuml,Java,13087,plantuml,通用软件项目,true
youth5201314/banner,https://github.com/youth5201314/banner,Java,13028,youth5201314,网站前端,true
macrozheng/mall-swarm,https://github.com/macrozheng/mall-swarm,Java,12998,macrozheng,网站前端,true
alibaba/COLA,https://github.com/alibaba/COLA,Java,12965,alibaba,通用软件项目,true
LawnchairLauncher/lawnchair,https://github.com/LawnchairLauncher/lawnchair,Java,12930,LawnchairLauncher,通用软件项目,true
trinodb/trino,https://github.com/trinodb/trino,Java,12919,trinodb,网站后端,true
codecentric/spring-boot-admin,https://github.com/codecentric/spring-boot-admin,Java,12829,codecentric,网站前端,true
debezium/debezium,https://github.com/debezium/debezium,Java,12813,debezium,网站后端,true
apache/zookeeper,https://github.com/apache/zookeeper,Java,12763,apache,网站后端,true
google/guice,https://github.com/google/guice,Java,12733,google,开发库/框架,true
Netflix/eureka,https://github.com/Netflix/eureka,Java,12712,Netflix,通用软件项目,true
greenrobot/greenDAO,https://github.com/greenrobot/greenDAO,Java,12592,greenrobot,通用软件项目,true
beemdevelopment/Aegis,https://github.com/beemdevelopment/Aegis,Java,12588,beemdevelopment,通用软件项目,true
zhihu/Matisse,https://github.com/zhihu/Matisse,Java,12533,zhihu,开发库/框架,true
daimajia/AndroidViewAnimations,https://github.com/daimajia/AndroidViewAnimations,Java,12448,daimajia,通用软件项目,true
daimajia/AndroidSwipeLayout,https://github.com/daimajia/AndroidSwipeLayout,Java,12369,daimajia,通用软件项目,true
PaperMC/Paper,https://github.com/PaperMC/Paper,Java,12366,PaperMC,网站后端,true
pagehelper-org/Mybatis-PageHelper,https://github.com/pagehelper-org/Mybatis-PageHelper,Java,12358,pagehelper-org,通用软件项目,true
amitshekhariitbhu/android-interview-questions,https://github.com/amitshekhariitbhu/android-interview-questions,Java,12334,amitshekhariitbhu,通用软件项目,true
redis/jedis,https://github.com/redis/jedis,Java,12329,redis,通用软件项目,true
provectus/kafka-ui,https://github.com/provectus/kafka-ui,Java,12147,provectus,网站前端,true
Yalantis/uCrop,https://github.com/Yalantis/uCrop,Java,12089,Yalantis,开发库/框架,true
grpc/grpc-java,https://github.com/grpc/grpc-java,Java,12029,grpc,通用软件项目,true
Tencent/matrix,https://github.com/Tencent/matrix,Java,12019,Tencent,通用软件项目,true
Tencent/VasSonic,https://github.com/Tencent/VasSonic,Java,11860,Tencent,开发库/框架,true
OpenRefine/OpenRefine,https://github.com/OpenRefine/OpenRefine,Java,11860,OpenRefine,通用软件项目,true
jd-opensource/joyagent-jdgenie,https://github.com/jd-opensource/joyagent-jdgenie,Java,11849,jd-opensource,通用软件项目,true
StarRocks/starrocks,https://github.com/StarRocks/starrocks,Java,11777,StarRocks,网站后端,true
code4craft/webmagic,https://github.com/code4craft/webmagic,Java,11679,code4craft,开发库/框架,true
realm/realm-java,https://github.com/realm/realm-java,Java,11465,realm,网站后端,true
careercup/CtCI-6th-Edition,https://github.com/careercup/CtCI-6th-Edition,Java,11461,careercup,通用软件项目,true
gyf-dev/ImmersionBar,https://github.com/gyf-dev/ImmersionBar,Java,11456,gyf-dev,通用软件项目,true
JingMatrix/Vector,https://github.com/JingMatrix/Vector,Java,11450,JingMatrix,开发库/框架,true
apple/pkl,https://github.com/apple/pkl,Java,11405,apple,通用软件项目,true
jhy/jsoup,https://github.com/jhy/jsoup,Java,11368,jhy,通用软件项目,true
mission-peace/interview,https://github.com/mission-peace/interview,Java,11351,mission-peace,通用软件项目,true
apereo/cas,https://github.com/apereo/cas,Java,11340,apereo,开发库/框架,true
ssssssss-team/spider-flow,https://github.com/ssssssss-team/spider-flow,Java,11329,ssssssss-team,通用软件项目,true
permissions-dispatcher/PermissionsDispatcher,https://github.com/permissions-dispatcher/PermissionsDispatcher,Java,11176,permissions-dispatcher,网站后端,true
daniulive/SmarterStreaming,https://github.com/daniulive/SmarterStreaming,Java,11165,daniulive,开发库/框架,true
lingochamp/FileDownloader,https://github.com/lingochamp/FileDownloader,Java,11118,lingochamp,通用软件项目,true
H07000223/FlycoTabLayout,https://github.com/H07000223/FlycoTabLayout,Java,11103,H07000223,通用软件项目,true
jwtk/jjwt,https://github.com/jwtk/jjwt,Java,11083,jwtk,网站后端,true
jfeinstein10/SlidingMenu,https://github.com/jfeinstein10/SlidingMenu,Java,11003,jfeinstein10,开发库/框架,true
asLody/VirtualApp,https://github.com/asLody/VirtualApp,Java,11002,asLody,小游戏,true
clojure/clojure,https://github.com/clojure/clojure,Java,10957,clojure,通用软件项目,true
TooTallNate/Java-WebSocket,https://github.com/TooTallNate/Java-WebSocket,Java,10809,TooTallNate,网站后端,true
zfile-dev/zfile,https://github.com/zfile-dev/zfile,Java,10763,zfile-dev,网站前端,true
facebookresearch/detectron2,https://github.com/facebookresearch/detectron2,Python,34546,facebookresearch,通用软件项目,true
python-poetry/poetry,https://github.com/python-poetry/poetry,Python,34276,python-poetry,通用软件项目,true
chenfei-wu/TaskMatrix,https://github.com/chenfei-wu/TaskMatrix,Python,34084,chenfei-wu,通用软件项目,true
Alishahryar1/free-claude-code,https://github.com/Alishahryar1/free-claude-code,Python,34045,Alishahryar1,命令行工具,true
lllyasviel/ControlNet,https://github.com/lllyasviel/ControlNet,Python,33936,lllyasviel,通用软件项目,true
ocrmypdf/OCRmyPDF,https://github.com/ocrmypdf/OCRmyPDF,Python,33867,ocrmypdf,通用软件项目,true
Pythagora-io/gpt-pilot,https://github.com/Pythagora-io/gpt-pilot,Python,33746,Pythagora-io,机器学习工程,true
shadowsocks/shadowsocks,https://github.com/shadowsocks/shadowsocks,Python,33584,shadowsocks,通用软件项目,true
XX-net/XX-Net,https://github.com/XX-net/XX-Net,Python,33452,XX-net,网站后端,true
kovidgoyal/kitty,https://github.com/kovidgoyal/kitty,Python,33415,kovidgoyal,命令行工具,true
certbot/certbot,https://github.com/certbot/certbot,Python,33082,certbot,网站后端,true
tinygrad/tinygrad,https://github.com/tinygrad/tinygrad,Python,33064,tinygrad,通用软件项目,true
soxoj/maigret,https://github.com/soxoj/maigret,Python,32938,soxoj,命令行工具,true
nicolargo/glances,https://github.com/nicolargo/glances,Python,32815,nicolargo,网站后端,true
0xAX/linux-insides,https://github.com/0xAX/linux-insides,Python,32617,0xAX,通用软件项目,true
ashishpatel26/500-AI-Agents-Projects,https://github.com/ashishpatel26/500-AI-Agents-Projects,Python,32309,ashishpatel26,机器学习工程,true
OWASP/CheatSheetSeries,https://github.com/OWASP/CheatSheetSeries,Python,32252,OWASP,通用软件项目,true
numpy/numpy,https://github.com/numpy/numpy,Python,32178,numpy,通用软件项目,true
dgtlmoon/changedetection.io,https://github.com/dgtlmoon/changedetection.io,Python,31971,dgtlmoon,通用软件项目,true
searxng/searxng,https://github.com/searxng/searxng,Python,31945,searxng,小游戏,true
donnemartin/interactive-coding-challenges,https://github.com/donnemartin/interactive-coding-challenges,Python,31516,donnemartin,通用软件项目,true
MetaCubeX/mihomo,https://github.com/MetaCubeX/mihomo,Python,31273,MetaCubeX,网站后端,true
tqdm/tqdm,https://github.com/tqdm/tqdm,Python,31199,tqdm,命令行工具,true
openai/openai-python,https://github.com/openai/openai-python,Python,30977,openai,网站后端,true
anthropics/financial-services,https://github.com/anthropics/financial-services,Python,30966,anthropics,通用软件项目,true
FujiwaraChoki/MoneyPrinterV2,https://github.com/FujiwaraChoki/MoneyPrinterV2,Python,30880,FujiwaraChoki,命令行工具,true
fishaudio/fish-speech,https://github.com/fishaudio/fish-speech,Python,30775,fishaudio,通用软件项目,true
Imbad0202/academic-research-skills,https://github.com/Imbad0202/academic-research-skills,Python,30601,Imbad0202,机器学习工程,true
jumpserver/jumpserver,https://github.com/jumpserver/jumpserver,Python,30583,jumpserver,网站后端,true
StevenBlack/hosts,https://github.com/StevenBlack/hosts,Python,30533,StevenBlack,通用软件项目,true
trailofbits/algo,https://github.com/trailofbits/algo,Python,30275,trailofbits,网站后端,true
encode/django-rest-framework,https://github.com/encode/django-rest-framework,Python,30067,encode,网站后端,true
anthropics/claude-plugins-official,https://github.com/anthropics/claude-plugins-official,Python,29985,anthropics,通用软件项目,true
shiyu-coder/Kronos,https://github.com/shiyu-coder/Kronos,Python,29369,shiyu-coder,机器学习工程,true
python-telegram-bot/python-telegram-bot,https://github.com/python-telegram-bot/python-telegram-bot,Python,29218,python-telegram-bot,开发库/框架,true
hpcaitech/Open-Sora,https://github.com/hpcaitech/Open-Sora,Python,29085,hpcaitech,通用软件项目,true
deepinsight/insightface,https://github.com/deepinsight/insightface,Python,28970,deepinsight,通用软件项目,true
521xueweihan/GitHub520,https://github.com/521xueweihan/GitHub520,Python,28893,521xueweihan,通用软件项目,true
facefusion/facefusion,https://github.com/facefusion/facefusion,Python,28776,facefusion,机器学习工程,true
getredash/redash,https://github.com/getredash/redash,Python,28634,getredash,通用软件项目,true
OpenBMB/VoxCPM,https://github.com/OpenBMB/VoxCPM,Python,28596,OpenBMB,机器学习工程,true
celery/celery,https://github.com/celery/celery,Python,28582,celery,开发库/框架,true
reflex-dev/reflex,https://github.com/reflex-dev/reflex,Python,28475,reflex-dev,网站前端,true
google/python-fire,https://github.com/google/python-fire,Python,28205,google,命令行工具,true
K-Dense-AI/scientific-agent-skills,https://github.com/K-Dense-AI/scientific-agent-skills,Python,28050,K-Dense-AI,开发库/框架,true
pydantic/pydantic,https://github.com/pydantic/pydantic,Python,28018,pydantic,通用软件项目,true
davila7/claude-code-templates,https://github.com/davila7/claude-code-templates,Python,27995,davila7,命令行工具,true
locustio/locust,https://github.com/locustio/locust,Python,27897,locustio,通用软件项目,true
huggingface/smolagents,https://github.com/huggingface/smolagents,Python,27826,huggingface,开发库/框架,true
microsoft/cascadia-code,https://github.com/microsoft/cascadia-code,Python,27733,microsoft,命令行工具,true
ArchiveBox/ArchiveBox,https://github.com/ArchiveBox/ArchiveBox,Python,27684,ArchiveBox,通用软件项目,true
getzep/graphiti,https://github.com/getzep/graphiti,Python,27342,getzep,机器学习工程,true
QwenLM/Qwen3,https://github.com/QwenLM/Qwen3,Python,27297,QwenLM,机器学习工程,true
Stability-AI/generative-models,https://github.com/Stability-AI/generative-models,Python,27186,Stability-AI,机器学习工程,true
squidfunk/mkdocs-material,https://github.com/squidfunk/mkdocs-material,Python,26925,squidfunk,开发库/框架,true
ungoogled-software/ungoogled-chromium,https://github.com/ungoogled-software/ungoogled-chromium,Python,26857,ungoogled-software,通用软件项目,true
subframe7536/maple-font,https://github.com/subframe7536/maple-font,Python,26529,subframe7536,命令行工具,true
littlecodersh/ItChat,https://github.com/littlecodersh/ItChat,Python,26462,littlecodersh,网站后端,true
walter201230/Python,https://github.com/walter201230/Python,Python,26415,walter201230,通用软件项目,true
huggingface/open-r1,https://github.com/huggingface/open-r1,Python,26289,huggingface,通用软件项目,true
ycm-core/YouCompleteMe,https://github.com/ycm-core/YouCompleteMe,Python,25904,ycm-core,小游戏,true
CloakHQ/CloakBrowser,https://github.com/CloakHQ/CloakBrowser,Python,25698,CloakHQ,机器学习工程,true
Vision-CAIR/MiniGPT-4,https://github.com/Vision-CAIR/MiniGPT-4,Python,25679,Vision-CAIR,通用软件项目,true
black-forest-labs/flux,https://github.com/black-forest-labs/flux,Python,25615,black-forest-labs,通用软件项目,true
PrefectHQ/fastmcp,https://github.com/PrefectHQ/fastmcp,Python,25609,PrefectHQ,机器学习工程,true
OpenBMB/MiniCPM-V,https://github.com/OpenBMB/MiniCPM-V,Python,25602,OpenBMB,通用软件项目,true
matterport/Mask_RCNN,https://github.com/matterport/Mask_RCNN,Python,25563,matterport,通用软件项目,true
zai-org/Open-AutoGLM,https://github.com/zai-org/Open-AutoGLM,Python,25498,zai-org,开发库/框架,true
Cinnamon/kotaemon,https://github.com/Cinnamon/kotaemon,Python,25460,Cinnamon,通用软件项目,true
zulip/zulip,https://github.com/zulip/zulip,Python,25351,zulip,网站前端,true
lucidrains/vit-pytorch,https://github.com/lucidrains/vit-pytorch,Python,25308,lucidrains,通用软件项目,true
oraios/serena,https://github.com/oraios/serena,Python,25288,oraios,网站后端,true
spotDL/spotify-downloader,https://github.com/spotDL/spotify-downloader,Python,25112,spotDL,命令行工具,true
pypa/pipenv,https://github.com/pypa/pipenv,Python,25068,pypa,通用软件项目,true
kovidgoyal/calibre,https://github.com/kovidgoyal/calibre,Python,25042,kovidgoyal,通用软件项目,true
resemble-ai/chatterbox,https://github.com/resemble-ai/chatterbox,Python,25035,resemble-ai,机器学习工程,true
Anjok07/ultimatevocalremovergui,https://github.com/Anjok07/ultimatevocalremovergui,Python,25032,Anjok07,通用软件项目,true
cookiecutter/cookiecutter,https://github.com/cookiecutter/cookiecutter,Python,24939,cookiecutter,命令行工具,true
langchain-ai/deepagents,https://github.com/langchain-ai/deepagents,Python,24536,langchain-ai,机器学习工程,true
karpathy/minGPT,https://github.com/karpathy/minGPT,Python,24525,karpathy,通用软件项目,true
plotly/dash,https://github.com/plotly/dash,Python,24254,plotly,网站前端,true
emmabostian/developer-portfolios,https://github.com/emmabostian/developer-portfolios,Python,24223,emmabostian,通用软件项目,true
ranaroussi/yfinance,https://github.com/ranaroussi/yfinance,Python,24214,ranaroussi,网站后端,true
Dao-AILab/flash-attention,https://github.com/Dao-AILab/flash-attention,Python,24124,Dao-AILab,通用软件项目,true
alchaincyf/nuwa-skill,https://github.com/alchaincyf/nuwa-skill,Python,24074,alchaincyf,通用软件项目,true
Delgan/loguru,https://github.com/Delgan/loguru,Python,23956,Delgan,通用软件项目,true
deepseek-ai/DeepSeek-Coder,https://github.com/deepseek-ai/DeepSeek-Coder,Python,23665,deepseek-ai,机器学习工程,true
jhao104/proxy_pool,https://github.com/jhao104/proxy_pool,Python,23403,jhao104,网站后端,true
timqian/chinese-independent-blogs,https://github.com/timqian/chinese-independent-blogs,Python,23306,timqian,通用软件项目,true
modelcontextprotocol/python-sdk,https://github.com/modelcontextprotocol/python-sdk,Python,23299,modelcontextprotocol,开发库/框架,true
danielgatis/rembg,https://github.com/danielgatis/rembg,Python,23292,danielgatis,通用软件项目,true
deepseek-ai/DeepSeek-OCR,https://github.com/deepseek-ai/DeepSeek-OCR,Python,23277,deepseek-ai,机器学习工程,true
SuperClaude-Org/SuperClaude_Framework,https://github.com/SuperClaude-Org/SuperClaude_Framework,Python,23268,SuperClaude-Org,开发库/框架,true
wangzheng0822/algo,https://github.com/wangzheng0822/algo,Python,23160,wangzheng0822,通用软件项目,true
Vonng/ddia,https://github.com/Vonng/ddia,Python,23125,Vonng,网站后端,true
OthmanAdi/planning-with-files,https://github.com/OthmanAdi/planning-with-files,Python,23095,OthmanAdi,命令行工具,true
saleor/saleor,https://github.com/saleor/saleor,Python,22974,saleor,网站后端,true
matplotlib/matplotlib,https://github.com/matplotlib/matplotlib,Python,22880,matplotlib,通用软件项目,true
magic-wormhole/magic-wormhole,https://github.com/magic-wormhole/magic-wormhole,Python,22655,magic-wormhole,通用软件项目,true
ahujasid/blender-mcp,https://github.com/ahujasid/blender-mcp,Python,22640,ahujasid,通用软件项目,true
swagger-api/swagger-ui,https://github.com/swagger-api/swagger-ui,JavaScript,28837,swagger-api,网站前端,true
kenwheeler/slick,https://github.com/kenwheeler/slick,JavaScript,28576,kenwheeler,通用软件项目,true
jamiebuilds/the-super-tiny-compiler,https://github.com/jamiebuilds/the-super-tiny-compiler,JavaScript,28526,jamiebuilds,通用软件项目,true
vuejs/vuex,https://github.com/vuejs/vuex,JavaScript,28345,vuejs,网站前端,true
Z-Siqi/Clash-for-Windows_Chinese,https://github.com/Z-Siqi/Clash-for-Windows_Chinese,JavaScript,28312,Z-Siqi,通用软件项目,true
digitalocean/nginxconfig.io,https://github.com/digitalocean/nginxconfig.io,JavaScript,28290,digitalocean,通用软件项目,true
tj/commander.js,https://github.com/tj/commander.js,JavaScript,28258,tj,命令行工具,true
caolan/async,https://github.com/caolan/async,JavaScript,28153,caolan,通用软件项目,true
fanmingming/live,https://github.com/fanmingming/live,JavaScript,28119,fanmingming,通用软件项目,true
jashkenas/backbone,https://github.com/jashkenas/backbone,JavaScript,28109,jashkenas,通用软件项目,true
michalsnik/aos,https://github.com/michalsnik/aos,JavaScript,28064,michalsnik,开发库/框架,true
vercel-labs/agent-skills,https://github.com/vercel-labs/agent-skills,JavaScript,27846,vercel-labs,通用软件项目,true
YMFE/yapi,https://github.com/YMFE/yapi,JavaScript,27719,YMFE,网站后端,true
Automattic/mongoose,https://github.com/Automattic/mongoose,JavaScript,27484,Automattic,通用软件项目,true
sudheerj/javascript-interview-questions,https://github.com/sudheerj/javascript-interview-questions,JavaScript,27467,sudheerj,网站前端,true
Advanced-Frontend/Daily-Interview-Question,https://github.com/Advanced-Frontend/Daily-Interview-Question,JavaScript,27430,Advanced-Frontend,网站前端,true
Asabeneh/30-Days-Of-React,https://github.com/Asabeneh/30-Days-Of-React,JavaScript,27420,Asabeneh,网站前端,true
eyaltoledano/claude-task-master,https://github.com/eyaltoledano/claude-task-master,JavaScript,27396,eyaltoledano,机器学习工程,true
jashkenas/underscore,https://github.com/jashkenas/underscore,JavaScript,27351,jashkenas,通用软件项目,true
eslint/eslint,https://github.com/eslint/eslint,JavaScript,27311,eslint,通用软件项目,true
koodo-reader/koodo-reader,https://github.com/koodo-reader/koodo-reader,JavaScript,27197,koodo-reader,通用软件项目,true
quasarframework/quasar,https://github.com/quasarframework/quasar,JavaScript,27176,quasarframework,网站前端,true
ajaxorg/ace,https://github.com/ajaxorg/ace,JavaScript,27133,ajaxorg,通用软件项目,true
bvaughn/react-virtualized,https://github.com/bvaughn/react-virtualized,JavaScript,27071,bvaughn,网站前端,true
maboloshi/github-chinese,https://github.com/maboloshi/github-chinese,JavaScript,26939,maboloshi,通用软件项目,true
ai/nanoid,https://github.com/ai/nanoid,JavaScript,26822,ai,机器学习工程,true
badges/shields,https://github.com/badges/shields,JavaScript,26776,badges,通用软件项目,true
blackmatrix7/ios_rule_script,https://github.com/blackmatrix7/ios_rule_script,JavaScript,26707,blackmatrix7,通用软件项目,true
remy/nodemon,https://github.com/remy/nodemon,JavaScript,26679,remy,网站后端,true
philc/vimium,https://github.com/philc/vimium,JavaScript,26584,philc,通用软件项目,true
rstacruz/nprogress,https://github.com/rstacruz/nprogress,JavaScript,26408,rstacruz,通用软件项目,true
rollup/rollup,https://github.com/rollup/rollup,JavaScript,26283,rollup,通用软件项目,true
haizlin/fe-interview,https://github.com/haizlin/fe-interview,JavaScript,26254,haizlin,网站前端,true
feathericons/feather,https://github.com/feathericons/feather,JavaScript,25933,feathericons,通用软件项目,true
select2/select2,https://github.com/select2/select2,JavaScript,25916,select2,通用软件项目,true
JakeChampion/fetch,https://github.com/JakeChampion/fetch,JavaScript,25882,JakeChampion,通用软件项目,true
greensock/GSAP,https://github.com/greensock/GSAP,JavaScript,25810,greensock,开发库/框架,true
localForage/localForage,https://github.com/localForage/localForage,JavaScript,25782,localForage,网站后端,true
Modernizr/Modernizr,https://github.com/Modernizr/Modernizr,JavaScript,25666,Modernizr,开发库/框架,true
zhaoolee/ChromeAppHeroes,https://github.com/zhaoolee/ChromeAppHeroes,JavaScript,25637,zhaoolee,通用软件项目,true
request/request,https://github.com/request/request,JavaScript,25549,request,通用软件项目,true
zloirock/core-js,https://github.com/zloirock/core-js,JavaScript,25500,zloirock,开发库/框架,true
goldfire/howler.js,https://github.com/goldfire/howler.js,JavaScript,25298,goldfire,开发库/框架,true
simple-icons/simple-icons,https://github.com/simple-icons/simple-icons,JavaScript,25219,simple-icons,通用软件项目,true
dimsemenov/PhotoSwipe,https://github.com/dimsemenov/PhotoSwipe,JavaScript,25197,dimsemenov,开发库/框架,true
jarrodwatts/claude-hud,https://github.com/jarrodwatts/claude-hud,JavaScript,25069,jarrodwatts,命令行工具,true
eip-work/kuboard-press,https://github.com/eip-work/kuboard-press,JavaScript,25046,eip-work,通用软件项目,true
Max-Eee/NeoPass,https://github.com/Max-Eee/NeoPass,JavaScript,24980,Max-Eee,机器学习工程,true
highlightjs/highlight.js,https://github.com/highlightjs/highlight.js,JavaScript,24937,highlightjs,通用软件项目,true
nylas/nylas-mail,https://github.com/nylas/nylas-mail,JavaScript,24746,nylas,网站前端,true
goldbergyoni/javascript-testing-best-practices,https://github.com/goldbergyoni/javascript-testing-best-practices,JavaScript,24595,goldbergyoni,网站前端,true
winstonjs/winston,https://github.com/winstonjs/winston,JavaScript,24464,winstonjs,通用软件项目,true
hammerjs/hammer.js,https://github.com/hammerjs/hammer.js,JavaScript,24357,hammerjs,开发库/框架,true
jackwener/OpenCLI,https://github.com/jackwener/OpenCLI,JavaScript,24180,jackwener,命令行工具,true
ramda/ramda,https://github.com/ramda/ramda,JavaScript,24073,ramda,通用软件项目,true
semantic-release/semantic-release,https://github.com/semantic-release/semantic-release,JavaScript,23754,semantic-release,通用软件项目,true
validatorjs/validator.js,https://github.com/validatorjs/validator.js,JavaScript,23744,validatorjs,通用软件项目,true
pure-css/pure,https://github.com/pure-css/pure,JavaScript,23732,pure-css,通用软件项目,true
4ian/GDevelop,https://github.com/4ian/GDevelop,JavaScript,23725,4ian,小游戏,true
MagicMirrorOrg/MagicMirror,https://github.com/MagicMirrorOrg/MagicMirror,JavaScript,23595,MagicMirrorOrg,通用软件项目,true
tailwindlabs/heroicons,https://github.com/tailwindlabs/heroicons,JavaScript,23594,tailwindlabs,网站前端,true
jaredhanson/passport,https://github.com/jaredhanson/passport,JavaScript,23532,jaredhanson,通用软件项目,true
spicetify/cli,https://github.com/spicetify/cli,JavaScript,23399,spicetify,命令行工具,true
node-red/node-red,https://github.com/node-red/node-red,JavaScript,23283,node-red,通用软件项目,true
chalk/chalk,https://github.com/chalk/chalk,JavaScript,23247,chalk,命令行工具,true
bilibili/flv.js,https://github.com/bilibili/flv.js,JavaScript,23208,bilibili,通用软件项目,true
shimohq/chinese-programmer-wrong-pronunciation,https://github.com/shimohq/chinese-programmer-wrong-pronunciation,JavaScript,23204,shimohq,通用软件项目,true
ovity/octotree,https://github.com/ovity/octotree,JavaScript,23194,ovity,通用软件项目,true
copy/v86,https://github.com/copy/v86,JavaScript,23127,copy,通用软件项目,true
qeeqbox/social-analyzer,https://github.com/qeeqbox/social-analyzer,JavaScript,23002,qeeqbox,网站后端,true
benweet/stackedit,https://github.com/benweet/stackedit,JavaScript,23001,benweet,通用软件项目,true
mochajs/mocha,https://github.com/mochajs/mocha,JavaScript,22921,mochajs,开发库/框架,true
balderdashy/sails,https://github.com/balderdashy/sails,JavaScript,22810,balderdashy,开发库/框架,true
websockets/ws,https://github.com/websockets/ws,JavaScript,22770,websockets,网站后端,true
vuejs/vuepress,https://github.com/vuejs/vuepress,JavaScript,22760,vuejs,网站前端,true
docmirror/dev-sidecar,https://github.com/docmirror/dev-sidecar,JavaScript,22699,docmirror,网站后端,true
js-cookie/js-cookie,https://github.com/js-cookie/js-cookie,JavaScript,22597,js-cookie,网站后端,true
typicode/lowdb,https://github.com/typicode/lowdb,JavaScript,22549,typicode,网站后端,true
svg/svgo,https://github.com/svg/svgo,JavaScript,22527,svg,命令行工具,true
jlmakes/scrollreveal,https://github.com/jlmakes/scrollreveal,JavaScript,22492,jlmakes,通用软件项目,true
redux-saga/redux-saga,https://github.com/redux-saga/redux-saga,JavaScript,22447,redux-saga,机器学习工程,true
be5invis/Iosevka,https://github.com/be5invis/Iosevka,JavaScript,22371,be5invis,通用软件项目,true
localtunnel/localtunnel,https://github.com/localtunnel/localtunnel,JavaScript,22322,localtunnel,通用软件项目,true
postcss/autoprefixer,https://github.com/postcss/autoprefixer,JavaScript,22249,postcss,通用软件项目,true
bevacqua/dragula,https://github.com/bevacqua/dragula,JavaScript,22163,bevacqua,通用软件项目,true
necolas/react-native-web,https://github.com/necolas/react-native-web,JavaScript,22130,necolas,网站前端,true
yjs/yjs,https://github.com/yjs/yjs,JavaScript,22013,yjs,通用软件项目,true
wwebjs/whatsapp-web.js,https://github.com/wwebjs/whatsapp-web.js,JavaScript,22009,wwebjs,网站后端,true
eligrey/FileSaver.js,https://github.com/eligrey/FileSaver.js,JavaScript,21995,eligrey,通用软件项目,true
handsontable/handsontable,https://github.com/handsontable/handsontable,JavaScript,21927,handsontable,网站前端,true
chenglou/react-motion,https://github.com/chenglou/react-motion,JavaScript,21926,chenglou,网站前端,true
git-tips/tips,https://github.com/git-tips/tips,JavaScript,21702,git-tips,通用软件项目,true
EastWorld/wechat-app-mall,https://github.com/EastWorld/wechat-app-mall,JavaScript,21649,EastWorld,通用软件项目,true
jsdom/jsdom,https://github.com/jsdom/jsdom,JavaScript,21577,jsdom,通用软件项目,true
markdown-it/markdown-it,https://github.com/markdown-it/markdown-it,JavaScript,21559,markdown-it,通用软件项目,true
gildas-lormeau/SingleFile,https://github.com/gildas-lormeau/SingleFile,JavaScript,21481,gildas-lormeau,命令行工具,true
ruanyf/es6tutorial,https://github.com/ruanyf/es6tutorial,JavaScript,21452,ruanyf,通用软件项目,true
parse-community/parse-server,https://github.com/parse-community/parse-server,JavaScript,21398,parse-community,网站后端,true
zarazhangrui/frontend-slides,https://github.com/zarazhangrui/frontend-slides,JavaScript,21392,zarazhangrui,网站前端,true
MobSF/Mobile-Security-Framework-MobSF,https://github.com/MobSF/Mobile-Security-Framework-MobSF,JavaScript,21198,MobSF,网站后端,true
espressif/arduino-esp32,https://github.com/espressif/arduino-esp32,C++,16915,espressif,通用软件项目,true
zerotier/ZeroTierOne,https://github.com/zerotier/ZeroTierOne,C++,16835,zerotier,通用软件项目,true
apache/arrow,https://github.com/apache/arrow,C++,16832,apache,通用软件项目,true
tindy2013/subconverter,https://github.com/tindy2013/subconverter,C++,16720,tindy2013,通用软件项目,true
ceph/ceph,https://github.com/ceph/ceph,C++,16698,ceph,通用软件项目,true
AaronFeng753/Waifu2x-Extension-GUI,https://github.com/AaronFeng753/Waifu2x-Extension-GUI,C++,16659,AaronFeng753,通用软件项目,true
esp8266/Arduino,https://github.com/esp8266/Arduino,C++,16617,esp8266,通用软件项目,true
yhirose/cpp-httplib,https://github.com/yhirose/cpp-httplib,C++,16581,yhirose,网站后端,true
rui314/mold,https://github.com/rui314/mold,C++,16580,rui314,通用软件项目,true
apple/foundationdb,https://github.com/apple/foundationdb,C++,16406,apple,网站后端,true
Snapchat/Valdi,https://github.com/Snapchat/Valdi,C++,16377,Snapchat,网站前端,true
wolfpld/tracy,https://github.com/wolfpld/tracy,C++,16144,wolfpld,开发库/框架,true
chenshuo/muduo,https://github.com/chenshuo/muduo,C++,16141,chenshuo,网站后端,true
game1024/OpenSpeedy,https://github.com/game1024/OpenSpeedy,C++,16123,game1024,小游戏,true
wazuh/wazuh,https://github.com/wazuh/wazuh,C++,15853,wazuh,通用软件项目,true
OpenRCT2/OpenRCT2,https://github.com/OpenRCT2/OpenRCT2,C++,15821,OpenRCT2,网站后端,true
official-stockfish/Stockfish,https://github.com/official-stockfish/Stockfish,C++,15801,official-stockfish,小游戏,true
scylladb/scylladb,https://github.com/scylladb/scylladb,C++,15597,scylladb,网站后端,true
hoffstadt/DearPyGui,https://github.com/hoffstadt/DearPyGui,C++,15471,hoffstadt,网站前端,true
polybar/polybar,https://github.com/polybar/polybar,C++,15271,polybar,通用软件项目,true
ArduPilot/ardupilot,https://github.com/ArduPilot/ardupilot,C++,15269,ArduPilot,通用软件项目,true
dogecoin/dogecoin,https://github.com/dogecoin/dogecoin,C++,15179,dogecoin,通用软件项目,true
dolphin-emu/dolphin,https://github.com/dolphin-emu/dolphin,C++,15111,dolphin-emu,通用软件项目,true
Tencent/rapidjson,https://github.com/Tencent/rapidjson,C++,15088,Tencent,网站后端,true
PCSX2/pcsx2,https://github.com/PCSX2/pcsx2,C++,14948,PCSX2,通用软件项目,true
lynx-family/lynx,https://github.com/lynx-family/lynx,C++,14905,lynx-family,通用软件项目,true
xournalpp/xournalpp,https://github.com/xournalpp/xournalpp,C++,14876,xournalpp,通用软件项目,true
transmission/transmission,https://github.com/transmission/transmission,C++,14829,transmission,通用软件项目,true
musescore/MuseScore,https://github.com/musescore/MuseScore,C++,14714,musescore,通用软件项目,true
OrcaSlicer/OrcaSlicer,https://github.com/OrcaSlicer/OrcaSlicer,C++,14613,OrcaSlicer,通用软件项目,true
M2Team/NanaZip,https://github.com/M2Team/NanaZip,C++,14549,M2Team,通用软件项目,true
sogou/workflow,https://github.com/sogou/workflow,C++,14371,sogou,开发库/框架,true
organicmaps/organicmaps,https://github.com/organicmaps/organicmaps,C++,14304,organicmaps,通用软件项目,true
dail8859/NotepadNext,https://github.com/dail8859/NotepadNext,C++,14260,dail8859,通用软件项目,true
spotify/annoy,https://github.com/spotify/annoy,C++,14252,spotify,通用软件项目,true
mltframework/shotcut,https://github.com/mltframework/shotcut,C++,14225,mltframework,通用软件项目,true
arangodb/arangodb,https://github.com/arangodb/arangodb,C++,14200,arangodb,网站后端,true
webview/webview,https://github.com/webview/webview,C++,14104,webview,开发库/框架,true
mobile-shell/mosh,https://github.com/mobile-shell/mosh,C++,14012,mobile-shell,通用软件项目,true
drogonframework/drogon,https://github.com/drogonframework/drogon,C++,13979,drogonframework,网站后端,true
hrydgard/ppsspp,https://github.com/hrydgard/ppsspp,C++,13938,hrydgard,通用软件项目,true
qgis/QGIS,https://github.com/qgis/QGIS,C++,13929,qgis,通用软件项目,true
google-deepmind/mujoco,https://github.com/google-deepmind/mujoco,C++,13847,google-deepmind,通用软件项目,true
OpenGenus/cosmos,https://github.com/OpenGenus/cosmos,C++,13716,OpenGenus,小游戏,true
google/or-tools,https://github.com/google/or-tools,C++,13612,google,通用软件项目,true
facebook/watchman,https://github.com/facebook/watchman,C++,13608,facebook,通用软件项目,true
capnproto/capnproto,https://github.com/capnproto/capnproto,C++,13067,capnproto,开发库/框架,true
acaudwell/Gource,https://github.com/acaudwell/Gource,C++,13037,acaudwell,通用软件项目,true
ninja-build/ninja,https://github.com/ninja-build/ninja,C++,13008,ninja-build,通用软件项目,true
TheCherno/Hazel,https://github.com/TheCherno/Hazel,C++,13000,TheCherno,小游戏,true
assimp/assimp,https://github.com/assimp/assimp,C++,12982,assimp,小游戏,true
luanti-org/luanti,https://github.com/luanti-org/luanti,C++,12963,luanti-org,小游戏,true
dyang886/Game-Cheats-Manager,https://github.com/dyang886/Game-Cheats-Manager,C++,12947,dyang886,小游戏,true
k2-fsa/sherpa-onnx,https://github.com/k2-fsa/sherpa-onnx,C++,12938,k2-fsa,网站后端,true
vnotex/vnote,https://github.com/vnotex/vnote,C++,12830,vnotex,通用软件项目,true
skypjack/entt,https://github.com/skypjack/entt,C++,12788,skypjack,小游戏,true
ShiqiYu/libfacedetection,https://github.com/ShiqiYu/libfacedetection,C++,12749,ShiqiYu,开发库/框架,true
deepseek-ai/FlashMLA,https://github.com/deepseek-ai/FlashMLA,C++,12701,deepseek-ai,机器学习工程,true
zealdocs/zeal,https://github.com/zealdocs/zeal,C++,12660,zealdocs,网站后端,true
mapeditor/tiled,https://github.com/mapeditor/tiled,C++,12642,mapeditor,小游戏,true
AutoHotkey/AutoHotkey,https://github.com/AutoHotkey/AutoHotkey,C++,12549,AutoHotkey,通用软件项目,true
Snapchat/KeyDB,https://github.com/Snapchat/KeyDB,C++,12490,Snapchat,通用软件项目,true
JoeyDeVries/LearnOpenGL,https://github.com/JoeyDeVries/LearnOpenGL,C++,12485,JoeyDeVries,通用软件项目,true
Alinshans/MyTinySTL,https://github.com/Alinshans/MyTinySTL,C++,12458,Alinshans,开发库/框架,true
amnezia-vpn/amnezia-client,https://github.com/amnezia-vpn/amnezia-client,C++,12447,amnezia-vpn,网站后端,true
CleverRaven/Cataclysm-DDA,https://github.com/CleverRaven/Cataclysm-DDA,C++,12436,CleverRaven,小游戏,true
Z3Prover/z3,https://github.com/Z3Prover/z3,C++,12349,Z3Prover,通用软件项目,true
cameron314/concurrentqueue,https://github.com/cameron314/concurrentqueue,C++,12318,cameron314,通用软件项目,true
DayBreak-u/chineseocr_lite,https://github.com/DayBreak-u/chineseocr_lite,C++,12315,DayBreak-u,通用软件项目,true
mysql/mysql-server,https://github.com/mysql/mysql-server,C++,12288,mysql,网站后端,true
vesoft-inc/nebula,https://github.com/vesoft-inc/nebula,C++,12213,vesoft-inc,网站后端,true
redpanda-data/redpanda,https://github.com/redpanda-data/redpanda,C++,12200,redpanda-data,网站后端,true
taskflow/taskflow,https://github.com/taskflow/taskflow,C++,12007,taskflow,通用软件项目,true
PX4/PX4-Autopilot,https://github.com/PX4/PX4-Autopilot,C++,11935,PX4,通用软件项目,true
colmap/colmap,https://github.com/colmap/colmap,C++,11904,colmap,通用软件项目,true
SFML/SFML,https://github.com/SFML/SFML,C++,11901,SFML,开发库/框架,true
google/sentencepiece,https://github.com/google/sentencepiece,C++,11900,google,通用软件项目,true
HIllya51/LunaTranslator,https://github.com/HIllya51/LunaTranslator,C++,11879,HIllya51,通用软件项目,true
sonic-pi-net/sonic-pi,https://github.com/sonic-pi-net/sonic-pi,C++,11863,sonic-pi-net,通用软件项目,true
hluk/CopyQ,https://github.com/hluk/CopyQ,C++,11841,hluk,通用软件项目,true
manticoresoftware/manticoresearch,https://github.com/manticoresoftware/manticoresearch,C++,11821,manticoresoftware,网站后端,true
snowie2000/mactype,https://github.com/snowie2000/mactype,C++,11805,snowie2000,通用软件项目,true
microsoft/wslg,https://github.com/microsoft/wslg,C++,11690,microsoft,网站后端,true
Alexays/Waybar,https://github.com/Alexays/Waybar,C++,11471,Alexays,通用软件项目,true
openalpr/openalpr,https://github.com/openalpr/openalpr,C++,11413,openalpr,开发库/框架,true
QuipNetwork/cpp-sdk,https://github.com/QuipNetwork/cpp-sdk,C++,11316,QuipNetwork,开发库/框架,true
esphome/esphome,https://github.com/esphome/esphome,C++,11236,esphome,通用软件项目,true
justcallmekoko/ESP32Marauder,https://github.com/justcallmekoko/ESP32Marauder,C++,11111,justcallmekoko,命令行工具,true
microsoft/STL,https://github.com/microsoft/STL,C++,11077,microsoft,开发库/框架,true
PointCloudLibrary/pcl,https://github.com/PointCloudLibrary/pcl,C++,11026,PointCloudLibrary,开发库/框架,true
nasa/fprime,https://github.com/nasa/fprime,C++,10980,nasa,开发库/框架,true
perspective-dev/perspective,https://github.com/perspective-dev/perspective,C++,10958,perspective-dev,通用软件项目,true
mawww/kakoune,https://github.com/mawww/kakoune,C++,10928,mawww,通用软件项目,true
apache/thrift,https://github.com/apache/thrift,C++,10927,apache,网站后端,true
zeromq/libzmq,https://github.com/zeromq/libzmq,C++,10901,zeromq,小游戏,true
filecxx/FileCentipede,https://github.com/filecxx/FileCentipede,C++,10880,filecxx,通用软件项目,true
baldurk/renderdoc,https://github.com/baldurk/renderdoc,C++,10783,baldurk,网站后端,true
WasmEdge/WasmEdge,https://github.com/WasmEdge/WasmEdge,C++,10638,WasmEdge,通用软件项目,true
monero-project/monero,https://github.com/monero-project/monero,C++,10618,monero-project,通用软件项目,true
TrinityCore/TrinityCore,https://github.com/TrinityCore/TrinityCore,C++,10601,TrinityCore,开发库/框架,true
